编号,船名,国籍,稀有度,舰种,舰级,耐久,火力,护甲,鱼雷,防空,对潜,索敌,闪避,命中,幸运,航速,搭载,射程,船型,装备槽,装备,消耗油,消耗弹,维修油,维修钢,维修时间,分解资源(油弹钢铝),强化经验(火雷甲空),技能1(3级),技能2(3级)
001,フッド,英国,5,战巡,アドミラル級1番艦,75,68 | 93,65 | 80,0 | 0,40 | 70,0 | 0,13 | 40,27 | 60,40 | 96,5,31,3|3|3|3,长,大型,4,イギリス15inch連装砲|イギリス4inch連装砲|ウォーラス,70,120,2.88,5.4,0.75,40|50|40|0,73|0|65|24
002,扶桑,日本,3,战列,扶桑型1番艦,67,70 | 90,61 | 81,0 | 0,20 | 50,0 | 0,9 | 36,21 | 43,38 | 94,7,25,3|3|3|3,长,大型,4,日本四一式35.6cm連装砲|日本四一式15.2cm単装砲,85,120,2.5,5.1,1,50|60|60|0,70|0|61|10
003,山城,日本,3,战列,扶桑型2番艦,67,70 | 90,61 | 81,0 | 0,20 | 50,0 | 0,9 | 36,21 | 43,38 | 94,7,25,3|3|3|3,长,大型,4,日本四一式35.6cm連装砲|日本四一式15.2cm単装砲,85,120,2.5,5.1,1,50|60|60|0,70|0|61|10
004,伊勢,日本,3,战列,伊勢型1番艦,74,71 | 91,62 | 82,0 | 0,22 | 52,0 | 0,10 | 37,24 | 46,38 | 94,16,24.5,3|3|3|3,长,大型,4,日本四一式35.6cm連装砲|日本三年式14cm単装砲,85,120,2.5,5.1,1,50|60|60|0,71|0|62|11
005,日向,日本,3,战列,伊勢型2番艦,74,71 | 91,62 | 82,0 | 0,22 | 52,0 | 0,10 | 37,24 | 46,38 | 94,16,24.5,3|3|3|3,长,大型,4,日本四一式35.6cm連装砲|日本三年式14cm単装砲,85,120,2.5,5.1,1,50|60|60|0,71|0|62|11
006,ビスマルク,德国,5,战列,ビスマルク級1番艦,90,72 | 92,80 | 100,0 | 0,25 | 55,0 | 0,16 | 43,26 | 48,40 | 96,15,30,4|4|4|4,长,大型,4,ドイツ380mm連装砲|ドイツ150mm連装砲|Ar 196,90,130,4.2,8.8,1,50|60|60|0,72|0|84|13
007,ティルピッツ,德国,5,战列,ビスマルク級2番艦,91,72 | 92,80 | 100,0 | 0,25 | 55,0 | 0,16 | 43,26 | 48,40 | 96,16,30.8,4|4|4|4,长,大型,4,ドイツ380mm連装砲|ドイツ150mm連装砲|Ar 196,90,130,4.2,8.8,1,50|60|60|0,72|0|84|13
008,ネルソン,英国,4,战列,ネルソン級1番艦,72,84 | 104,72 | 92,0 | 0,42 | 72,0 | 0,12 | 39,19 | 41,39 | 95,20,23.5,0,长,大型,4,イギリス16inch三連装砲|イギリス6inch連装砲,90,140,3.2,6,1,50|60|60|0,89|0|72|27
009,ロドニー,英国,4,战列,ネルソン級2番艦,72,84 | 104,72 | 92,0 | 0,42 | 72,0 | 0,12 | 39,19 | 41,39 | 95,20,23.5,0,长,大型,4,イギリス16inch三連装砲|イギリス6inch連装砲,90,140,3.2,6,1,50|60|60|0,89|0|72|27
010,プリンス・オブ・ウェールズ,英国,5,战列,キング・ジョージ5世級2番艦,74,75 | 95,75 | 95,0 | 0,52 | 82,0 | 0,15 | 42,26 | 48,40 | 96,10,29,4|4|4|4,长,大型,4,イギリス14inch四連装砲|イギリス5.25inch連装砲|ウォーラス,90,140,4.2,8,1,50|60|60|0,80|0|75|42
011,ネバダ,美国,3,战列,ネバダ級1番艦,64,65 | 85,68 | 88,0 | 0,33 | 63,0 | 0,10 | 37,15 | 37,38 | 94,25,21,3|3|3|3,长,大型,4,アメリカ14inch三連装砲|アメリカ5inch両用砲,85,125,2.5,5.1,0.8,50|60|60|0,65|0|68|22
012,オクラホマ,美国,3,战列,ネバダ級2番艦,64,65 | 85,68 | 88,0 | 0,33 | 63,0 | 0,10 | 37,15 | 37,38 | 94,10,21,3|3|3|3,长,大型,4,アメリカ14inch三連装砲|アメリカ5inch両用砲,85,125,2.5,5.1,0.8,50|60|60|0,65|0|68|22
013,アンドレア・ドーリア,意大利,5,战列,アンドレア・ドーリア級1番艦,54,59 | 79,59 | 79,0 | 0,18 | 48,0 | 0,10 | 37,22 | 44,40 | 96,20,22,3|3|3|3,长,大型,4,イタリア305mm三連装砲|標準型エンジン,70,110,2.25,4.55,1,50|60|60|0,59|0|59|9
014,金剛,日本,3,战巡,金剛型1番艦,63,65 | 90,55 | 70,0 | 0,26 | 56,0 | 0,13 | 40,32 | 65,38 | 94,15,30.3,3|3|3|3,长,大型,4,日本四一式35.6cm連装砲|日本四一式15.2cm単装砲,80,110,2.88,5.4,0.75,40|50|40|0,65|0|55|13
015,比叡,日本,3,战巡,金剛型2番艦,63,65 | 90,55 | 70,0 | 0,20 | 50,0 | 0,13 | 40,32 | 65,38 | 94,7,30.3,3|3|3|3,长,大型,4,日本四一式35.6cm連装砲|日本四一式15.2cm単装砲,80,110,2.88,5.4,0.75,40|50|40|0,65|0|55|10
016,榛名,日本,3,战巡,金剛型3番艦,63,65 | 90,55 | 70,0 | 0,20 | 50,0 | 0,13 | 40,32 | 65,38 | 94,22,30.3,3|3|3|3,长,大型,4,日本四一式35.6cm連装砲|日本四一式15.2cm単装砲,80,110,2.88,5.4,0.75,40|50|40|0,65|0|55|10
017,霧島,日本,3,战巡,金剛型4番艦,63,65 | 90,55 | 70,0 | 0,20 | 50,0 | 0,13 | 40,32 | 65,38 | 94,9,30.3,3|3|3|3,长,大型,4,日本四一式35.6cm連装砲|日本四一式15.2cm単装砲,80,110,2.88,5.4,0.75,40|50|40|0,65|0|55|10
018,レナウン,英国,3,战巡,レナウン級1番艦,65,58 | 83,56 | 71,0 | 0,52 | 82,0 | 0,14 | 41,30 | 63,38 | 94,25,31.5,4|4|4|4,长,大型,4,イギリス15inch連装砲|イギリス三連装4inch火砲,70,120,2.88,5.4,0.75,40|50|40|0,63|0|56|42
019,レパルス,英国,3,战巡,レナウン級2番艦,65,58 | 83,56 | 71,0 | 0,40 | 70,0 | 0,14 | 41,30 | 63,38 | 94,12,31.5,4|4|4|4,长,大型,4,イギリス15inch連装砲|イギリス三連装4inch火砲,70,120,2.88,5.4,0.75,40|50|40|0,63|0|56|24
020,アラスカ,美国,5,战巡,アラスカ級1番艦,58,60 | 85,54 | 69,0 | 0,70 | 100,0 | 0,18 | 45,31 | 64,40 | 96,15,33,4|4|4|4,长,大型,4,アメリカ12inch三連装砲|アメリカ5inch両用砲|ボフォース40mm対空機関砲（四連装）,80,120,2.88,5.4,0.625,40|50|40|0,60|0|54|76
021,グアム,美国,5,战巡,アラスカ級2番艦,58,60 | 85,54 | 69,0 | 0,70 | 100,0 | 0,18 | 45,31 | 64,40 | 96,15,33,4|4|4|4,长,大型,4,アメリカ12inch三連装砲|アメリカ5inch両用砲|ボフォース40mm対空機関砲（四連装）,80,120,2.88,5.4,0.625,40|50|40|0,60|0|54|76
022,赤城,日本,5,航母,赤城型1番艦,69,0 | 40,30 | 55,0 | 0,27 | 57,0 | 0,46 | 73,30 | 52,37 | 96,10,31.2,21|18|27|10,短,大型,4,零戦二一型|九九式艦爆|九七式艦攻,60,55,2.4,4.5,1,30|40|60|40,0|0|15|27
023,加賀,日本,5,航母,加賀型1番艦,71,0 | 40,32 | 62,0 | 0,32 | 62,0 | 0,43 | 70,26 | 48,37 | 96,13,28,17|18|43|12,短,大型,4,零戦二一型|九九式艦爆|九七式艦攻,60,55,2.56,4.8,1,30|40|60|40,0|0|16|32
024,祥鳳,日本,4,轻母,祥鳳型1番艦,32,0 | 20,17 | 37,0 | 0,18 | 48,0 | 0,36 | 63,30 | 52,34 | 90,12,29,17|12|3|0,短,中型,3,九九式艦爆|九七式艦攻,35,35,1.28,2.4,0.75,20|30|50|20,0|0|9|18
025,瑞鳳,日本,4,轻母,祥鳳型2番艦,32,0 | 20,17 | 37,0 | 0,18 | 48,0 | 0,36 | 63,30 | 52,34 | 90,20,29,17|12|3|0,短,中型,3,九九式艦爆|九七式艦攻,35,35,1.28,2.4,0.75,20|30|50|20,0|0|9|18
026,アーガス,英国,3,轻母,アーガス級1番艦,23,0 | 15,6 | 26,0 | 0,10 | 40,0 | 0,30 | 57,16 | 38,33 | 89,20,20.7,5|10|5|0,短,中型,3,ソードフィッシュ|イギリス4inch単装砲,20,30,0.96,1.8,0.75,20|30|50|20,2|0|3|10
027,ラングレー,美国,3,轻母,ラングレー級1番艦,24,0 | 15,6 | 26,0 | 0,10 | 40,0 | 0,32 | 59,11 | 33,33 | 89,20,15,15|10|5|0,短,中型,3,F2A,25,30,0.96,1.8,0.625,20|30|50|20,0|0|3|14
028,レンジャー,美国,4,轻母,レンジャー級1番艦,38,0 | 30,20 | 40,0 | 0,25 | 55,0 | 0,40 | 67,25 | 47,34 | 90,25,29.2,15|25|10|0,短,中型,3,SBD-3|TBF,35,40,1.28,2.4,0.625,20|30|50|20,0|0|10|30
029,レキシントン,美国,4,航母,レキシントン級1番艦,63,0 | 35,40 | 65,0 | 0,37 | 67,0 | 0,42 | 69,30 | 52,36 | 95,20,33.2,20|20|30|10,短,大型,4,F2A|SBD-3|BTD-1,55,60,2.08,3.9,0.8,30|40|60|40,0|0|20|43
030,サラトガ,美国,4,航母,レキシントン級2番艦,63,0 | 35,40 | 65,0 | 0,55 | 85,0 | 0,42 | 69,30 | 52,36 | 95,22,33.2,20|20|30|10,短,大型,4,F2A|SBD-3|BTD-1,55,60,2.08,3.9,0.8,30|40|60|40,0|0|20|80
031,ホーネット,美国,4,航母,ヨークタウン級3番艦,52,0 | 40,32 | 57,0 | 0,42 | 72,0 | 0,38 | 65,30 | 52,36 | 95,10,32.5,21|21|23|10,短,大型,4,B-25(ドーリットル隊),55,60,2.08,3.9,0.8,30|40|60|40,0|0|16|54
032,高雄,日本,3,重巡,高雄型1番艦,45,42 | 62,33 | 48,21 | 56,20 | 50,0 | 0,16 | 54,37 | 81,35 | 91,15,35,2|2|2,中,中型,3,日本三年式20.3cm2号連装砲|零式水上偵察機,40,65,1.28,2.4,0.75,30|40|30|0,42|14|17|10
033,愛宕,日本,3,重巡,高雄型2番艦,45,42 | 62,33 | 48,21 | 56,20 | 50,0 | 0,16 | 54,37 | 81,35 | 91,13,35,2|2|2,中,中型,3,日本三年式20.3cm2号連装砲|零式水上偵察機,40,65,1.28,2.4,0.75,30|40|30|0,42|14|17|10
034,摩耶,日本,3,重巡,高雄型3番艦,45,42 | 62,33 | 48,21 | 56,20 | 50,0 | 0,16 | 54,37 | 81,35 | 91,14,35,2|2|2,中,中型,3,日本三年式20.3cm2号連装砲,40,65,1.28,2.4,0.75,30|40|30|0,42|14|17|10
035,鳥海,日本,3,重巡,高雄型4番艦,45,42 | 62,33 | 48,21 | 56,20 | 50,0 | 0,16 | 54,37 | 81,35 | 91,15,35,2|2|2,中,中型,3,日本三年式20.3cm2号連装砲,40,65,1.28,2.4,0.75,30|40|30|0,42|14|17|10
036,アドミラル・ヒッパー,德国,3,重巡,アドミラル・ヒッパー級1番艦,52,36 | 56,33 | 48,20 | 55,22 | 52,0 | 0,14 | 52,30 | 74,35 | 91,15,32.5,3|3|3,中,中型,3,ドイツ203mm連装砲,35,65,1.28,2.64,0.75,30|40|30|0,36|10|20|11
037,ブリュッヒャー,德国,3,重巡,アドミラル・ヒッパー級2番艦,52,36 | 56,33 | 48,20 | 55,22 | 52,0 | 0,14 | 52,30 | 74,35 | 91,15,32.5,3|3|3,中,中型,3,ドイツ203mm連装砲,35,65,1.28,2.64,0.75,30|40|30|0,36|10|20|11
038,プリンツ・オイゲン,德国,5,重巡,アドミラル・ヒッパー級3番艦,54,36 | 56,36 | 51,20 | 55,22 | 52,0 | 0,14 | 52,30 | 74,37 | 93,25,32,3|3|3,中,中型,3,ドイツ203mm連装砲,35,65,1.28,2.64,0.75,30|40|30|0,36|10|21|11
039,ウィチタ,美国,4,重巡,ウィチタ級1番艦,36,38 | 63,30 | 50,0 | 0,48 | 88,0 | 0,14 | 52,31 | 75,36 | 92,20,33,2|2|2,中,中型,3,アメリカ8inch三連装砲,40,70,1.28,2.4,0.625,30|40|30|0,38|0|15|52
040,クインシー,美国,3,重巡,ニューオーリンズ級6番艦,43,38 | 63,32 | 52,0 | 0,35 | 65,0 | 0,15 | 53,31 | 75,35 | 91,12,32.7,2|2|2,中,中型,3,アメリカ8inch三連装砲,40,70,1.28,2.4,0.625,30|40|30|0,38|0|16|23
041,天龍,日本,2,轻巡,天龍型1番艦,23,13 | 38,9 | 29,16 | 56,10 | 40,15 | 59,9 | 20,38 | 76,33 | 90,10,33,0,中,中型,3,日本三年式14cm単装砲,25,20,0.8,1.5,0.5,5|8|5|0,7|19|5|5
042,龍田,日本,2,轻巡,天龍型2番艦,23,13 | 38,9 | 29,16 | 56,10 | 40,15 | 59,9 | 20,38 | 76,33 | 90,10,33,0,中,中型,3,日本三年式14cm単装砲,25,20,0.8,1.5,0.5,5|8|5|0,7|19|5|5
043,北上,日本,3,轻巡,球磨型3番艦,25,16 | 41,9 | 29,18 | 58,10 | 40,15 | 59,10 | 21,40 | 78,33 | 90,25,36,0,中,中型,3,日本三年式14cm単装砲|九二式61cm魚雷四連装発射管,25,25,0.8,1.5,0.5,10|16|10|0,8|21|5|5
044,大井,日本,3,轻巡,球磨型4番艦,25,16 | 41,9 | 29,18 | 58,10 | 40,15 | 59,10 | 21,40 | 78,33 | 90,10,36,0,中,中型,3,日本三年式14cm単装砲|九二式61cm魚雷四連装発射管,25,25,0.8,1.5,0.5,10|16|10|0,8|21|5|5
045,五十鈴,日本,3,轻巡,長良型2番艦,25,16 | 41,9 | 29,18 | 58,10 | 40,15 | 59,10 | 21,40 | 78,33 | 90,12,36,1|1|1,中,中型,3,日本三年式14cm単装砲,25,25,0.8,1.5,0.5,10|16|10|0,8|21|5|5
046,夕張,日本,4,轻巡,夕張型1番艦,19,16 | 41,13 | 33,15 | 55,13 | 43,15 | 59,10 | 21,40 | 78,34 | 91,15,35.5,0,中,中型,3,日本三年式14cm単装砲|標準型エンジン,20,30,0.8,1.5,0.5,10|16|10|0,8|18|7|7
047,ケーニヒスベルク,德国,3,轻巡,ケーニヒスベルク級1番艦,33,21 | 46,18 | 38,20 | 60,17 | 47,26 | 70,9 | 20,31 | 69,33 | 90,15,32.5,2|2|2,中,中型,3,ドイツ150mm三連装砲|三連装533mm魚雷,20,25,0.8,1.65,0.5,10|16|10|0,11|20|11|9
048,カールスルーエ,德国,3,轻巡,ケーニヒスベルク級2番艦,33,21 | 46,18 | 38,20 | 60,17 | 47,26 | 70,9 | 20,31 | 69,33 | 90,15,32.5,2|2|2,中,中型,3,ドイツ150mm三連装砲|三連装533mm魚雷,20,25,0.8,1.65,0.5,10|16|10|0,11|20|11|9
049,ケルン,德国,3,轻巡,ケーニヒスベルク級3番艦,33,21 | 46,18 | 38,20 | 60,17 | 47,26 | 70,9 | 20,31 | 69,33 | 90,18,32.5,2|2|2,中,中型,3,ドイツ150mm三連装砲|三連装533mm魚雷,20,25,0.8,1.65,0.5,10|16|10|0,11|20|11|9
050,シリアス,英国,5,轻巡,ダイドー級8番艦,28,22 | 52,21 | 46,10 | 50,52 | 92,40 | 84,11 | 22,31 | 69,35 | 92,20,32,0,中,中型,3,イギリス5.25inch連装砲|標準型対空レーダー,20,30,0.96,1.8,0.5,10|16|10|0,15|10|11|52
051,アリシューザ,英国,2,轻巡,アリシューザ級1番艦,24,17 | 42,14 | 34,10 | 50,28 | 58,28 | 72,9 | 20,30 | 68,33 | 90,15,32,2|2|2,中,中型,3,イギリス6inch連装砲,20,30,0.8,1.5,0.5,5|8|5|0,12|10|7|14
052,ガラティア,英国,2,轻巡,アリシューザ級2番艦,24,17 | 42,14 | 34,10 | 50,28 | 58,28 | 72,9 | 20,30 | 68,33 | 90,15,32,2|2|2,中,中型,3,イギリス6inch連装砲,20,30,0.8,1.5,0.5,5|8|5|0,12|10|7|14
053,ペネロピ,英国,2,轻巡,アリシューザ級3番艦,24,17 | 42,15 | 35,10 | 50,28 | 58,28 | 72,9 | 20,30 | 68,33 | 90,15,32,2|2|2,中,中型,3,イギリス6inch連装砲,20,30,0.8,1.5,0.5,5|8|5|0,12|10|8|14
054,オーロラ,英国,3,轻巡,アリシューザ級4番艦,24,17 | 42,15 | 35,10 | 50,28 | 58,28 | 72,9 | 20,30 | 68,33 | 90,16,32,2|2|2,中,中型,3,イギリス6inch連装砲,20,30,0.8,1.5,0.5,10|16|10|0,12|10|8|14
055,オマハ,美国,2,轻巡,オマハ級1番艦,28,20 | 45,15 | 35,18 | 58,30 | 60,18 | 62,8 | 19,32 | 70,33 | 90,20,35,2|2|2,中,中型,3,アメリカ5inch両用砲|アメリカ5inch単装砲,25,25,0.8,1.5,0.4,5|8|5|0,10|18|8|20
056,アトランタ,美国,3,轻巡,アトランタ級1番艦,27,24 | 54,19 | 44,0 | 0,58 | 98,40 | 84,12 | 23,31 | 69,33 | 90,10,33.6,0,中,中型,3,アメリカ5inch両用砲,25,30,0.8,1.5,0.4,10|16|10|0,12|0|10|68
057,ジュノー,美国,3,轻巡,アトランタ級2番艦,27,24 | 54,19 | 44,0 | 0,58 | 98,40 | 84,12 | 23,31 | 69,33 | 90,5,33.6,0,中,中型,3,アメリカ5inch両用砲,25,30,0.8,1.5,0.4,10|16|10|0,12|0|10|68
058,ブルックリン,美国,3,轻巡,ブルックリン級1番艦,33,32 | 62,27 | 52,0 | 0,42 | 82,25 | 69,12 | 23,31 | 69,33 | 90,15,31.5,4|4|4,中,中型,3,アメリカ6inch三連装砲,30,35,0.8,1.5,0.4,10|16|10|0,16|0|14|43
059,ヘレナ,美国,4,轻巡,ブルックリン級9番艦,33,32 | 62,29 | 54,0 | 0,45 | 85,25 | 69,12 | 23,31 | 69,34 | 91,15,31.5,4|4|4,中,中型,3,アメリカ6inch三連装砲|標準型対水上レーダー,30,35,0.8,1.5,0.4,10|16|10|0,16|0|15|48
060,寧海,中国,4,轻巡,寧海級1番艦,20,16 | 41,13 | 33,16 | 56,16 | 46,20 | 64,8 | 19,24 | 62,34 | 91,20,23.2,1|1|1,中,中型,3,中国140mm連装砲,15,20,0.64,1.2,0.5,10|16|10|0,8|16|7|8
061,平海,中国,4,轻巡,寧海級2番艦,20,16 | 41,13 | 33,16 | 56,12 | 42,20 | 64,8 | 19,22 | 60,34 | 91,20,21.3,0,中,中型,3,中国140mm連装砲,15,20,0.64,1.2,0.5,10|16|10|0,8|16|7|6
062,ロバーツ,英国,3,重炮,ロバーツ級1番艦,28,26 | 56,32 | 52,0 | 0,24 | 54,0 | 0,10 | 21,10 | 43,32 | 87,20,12.2,0,长,小型,2,イギリス15inch連装砲,15,30,0.64,1.2,0.5,20|20|30|0,30|0|32|0
063,アバークロンビー,英国,3,重炮,ロバーツ級2番艦,28,26 | 56,32 | 52,0 | 0,24 | 54,0 | 0,10 | 21,10 | 43,32 | 87,18,12.2,0,长,小型,2,イギリス15inch連装砲,15,30,0.64,1.2,0.5,20|20|30|0,30|0|32|0
064,吹雪,日本,2,驱逐,吹雪型1番艦,15,11 | 31,7 | 22,25 | 75,7 | 37,16 | 49,6 | 17,43 | 87,30 | 87,12,37,0,短,小型,2,日本三年式12.7cm連装砲|一二式61cm魚雷三連装発射管,15,20,0.48,0.9,0.5,2|4|3|0,0|28|7|0
065,白雪,日本,2,驱逐,吹雪型2番艦,15,11 | 31,7 | 22,25 | 75,7 | 37,16 | 49,6 | 17,43 | 87,30 | 87,9,37,0,短,小型,2,日本三年式12.7cm連装砲,15,20,0.48,0.9,0.5,2|4|3|0,0|28|7|0
066,初雪,日本,2,驱逐,吹雪型3番艦,15,11 | 31,7 | 22,25 | 75,7 | 37,16 | 49,6 | 17,43 | 87,30 | 87,9,37,0,短,小型,2,日本三年式12.7cm連装砲,15,20,0.48,0.9,0.5,2|4|3|0,0|28|7|0
067,深雪,日本,2,驱逐,吹雪型4番艦,15,11 | 31,7 | 22,25 | 75,7 | 37,16 | 49,6 | 17,43 | 87,30 | 87,5,37,0,短,小型,2,日本三年式12.7cm連装砲,15,20,0.48,0.9,0.5,2|4|3|0,0|28|7|0
068,暁,日本,3,驱逐,暁型1番艦,15,11 | 31,7 | 22,25 | 75,8 | 38,16 | 49,6 | 17,43 | 87,30 | 87,20,38,0,短,小型,2,日本三年式12.7cm連装砲|一二式61cm魚雷三連装発射管,15,20,0.48,0.9,0.5,4|8|6|0,0|28|7|0
069,響,日本,3,驱逐,暁型2番艦,15,11 | 31,7 | 22,25 | 75,8 | 38,16 | 49,6 | 17,43 | 87,30 | 87,13,38,0,短,小型,2,日本三年式12.7cm連装砲,15,20,0.48,0.9,0.5,4|8|6|0,0|28|7|0
070,雷,日本,3,驱逐,暁型3番艦,15,11 | 31,7 | 22,25 | 75,8 | 38,16 | 49,6 | 17,43 | 87,30 | 87,13,38,0,短,小型,2,日本三年式12.7cm連装砲,15,20,0.48,0.9,0.5,4|8|6|0,0|28|7|0
071,電,日本,3,驱逐,暁型4番艦,15,11 | 31,7 | 22,25 | 75,8 | 38,16 | 49,6 | 17,43 | 87,30 | 87,15,38,0,短,小型,2,日本三年式12.7cm連装砲,15,20,0.48,0.9,0.5,4|8|6|0,0|28|7|0
072,綾波,日本,2,驱逐,綾波型1番艦,15,11 | 31,7 | 22,25 | 75,10 | 40,16 | 49,6 | 17,43 | 87,30 | 87,9,38,0,短,小型,2,日本三年式12.7cm連装砲|一二式61cm魚雷三連装発射管,15,20,0.48,0.9,0.5,2|4|3|0,0|28|7|0
073,敷波,日本,1,驱逐,綾波型2番艦,15,11 | 31,7 | 22,25 | 75,10 | 40,16 | 49,6 | 17,43 | 87,30 | 87,9,38,0,短,小型,2,日本三年式12.7cm連装砲,15,20,0.48,0.9,0.5,2|4|3|0,0|28|7|0
074,Z 1,德国,2,驱逐,1934型1番艦,18,8 | 28,8 | 23,24 | 74,11 | 41,22 | 55,6 | 17,38 | 82,30 | 87,15,38.2,0,短,小型,2,ドイツ127mm単装砲|四連装533mm魚雷,10,20,0.48,0.99,0.5,2|4|3|0,0|24|10|0
075,Z 16,德国,2,驱逐,1934A型11番艦,18,8 | 28,8 | 23,24 | 74,11 | 41,22 | 55,6 | 17,38 | 82,30 | 87,10,38.2,0,短,小型,2,ドイツ127mm単装砲,10,20,0.48,0.99,0.5,2|4|3|0,0|24|10|0
076,Z 21,德国,1,驱逐,1936型5番艦,20,13 | 33,10 | 25,24 | 74,12 | 42,22 | 55,6 | 17,38 | 82,30 | 87,10,38.5,0,短,小型,2,ドイツ127mm単装砲,10,20,0.48,0.99,0.5,2|4|3|0,0|24|12|0
077,Z 22,德国,1,驱逐,1936型6番艦,20,13 | 33,10 | 25,24 | 74,12 | 42,22 | 55,6 | 17,38 | 82,30 | 87,10,38.5,0,短,小型,2,ドイツ127mm単装砲,10,20,0.48,0.99,0.5,2|4|3|0,0|24|12|0
078,Z 24,德国,2,驱逐,1936A型2番艦,21,13 | 33,10 | 25,24 | 74,11 | 41,22 | 55,6 | 17,36 | 80,30 | 87,10,36,0,短,小型,2,ドイツ150mm単装砲,10,20,0.48,0.99,0.5,2|4|3|0,0|24|12|0
079,Z 28,德国,2,驱逐,1936A型6番艦,21,13 | 33,10 | 25,24 | 74,11 | 41,22 | 55,6 | 17,36 | 80,30 | 87,10,36,0,短,小型,2,ドイツ150mm単装砲,10,20,0.48,0.99,0.5,2|4|3|0,0|24|12|0
080,Z 31,德国,3,驱逐,1936AM型1番艦,22,13 | 33,11 | 26,24 | 74,11 | 41,22 | 55,6 | 17,36 | 80,30 | 87,10,36,0,短,小型,2,ドイツ150mm単装砲|四連装533mm魚雷,10,20,0.48,0.99,0.5,4|8|6|0,0|24|13|0
081,アメジスト,英国,2,驱逐,F116,13,8 | 28,4 | 19,5 | 55,12 | 42,35 | 68,4 | 15,33 | 77,30 | 87,13,20,0,短,小型,2,イギリス4inch連装砲,10,25,0.48,0.9,0.5,2|4|3|0,3|5|4|0
082,グローウォーム,英国,2,驱逐,G級4番艦,14,7 | 27,5 | 20,18 | 68,15 | 45,28 | 61,5 | 16,36 | 80,30 | 87,8,36,0,短,小型,2,イギリス4.7inch連装砲|五連装533mm魚雷,10,25,0.48,0.9,0.5,2|4|3|0,3|18|5|0
083,ジャベリン,英国,2,驱逐,J級8番艦,14,9 | 29,5 | 20,20 | 70,15 | 45,28 | 61,5 | 16,36 | 80,30 | 87,15,36,0,短,小型,2,イギリス4.7inch連装砲,10,25,0.48,0.9,0.5,2|4|3|0,3|20|5|0
084,ジュノー,英国,2,驱逐,J級4番艦,14,9 | 29,5 | 20,20 | 70,15 | 45,28 | 61,5 | 16,36 | 80,30 | 87,10,36,0,短,小型,2,イギリス4.7inch連装砲,10,25,0.48,0.9,0.5,2|4|3|0,3|20|5|0
085,ジャッカル,英国,2,驱逐,J級2番艦,14,9 | 29,5 | 20,20 | 70,15 | 45,28 | 61,5 | 16,36 | 80,30 | 87,10,36,0,短,小型,2,イギリス4.7inch連装砲,10,25,0.48,0.9,0.5,2|4|3|0,3|20|5|0
086,コサック,英国,1,驱逐,トライバル級4番艦,17,13 | 33,7 | 22,12 | 62,15 | 45,26 | 59,5 | 16,36 | 80,30 | 87,10,35.5,0,短,小型,2,イギリス4.7inch連装砲|四連装533mm魚雷,10,25,0.48,0.9,0.5,2|4|3|0,3|12|7|0
087,エスキモー,英国,1,驱逐,トライバル級5番艦,17,13 | 33,7 | 22,12 | 62,15 | 45,26 | 59,5 | 16,36 | 80,30 | 87,15,35.5,0,短,小型,2,イギリス4.7inch連装砲,10,25,0.48,0.9,0.5,2|4|3|0,3|12|7|0
088,パンジャビ,英国,1,驱逐,トライバル級12番艦,17,13 | 33,7 | 22,12 | 62,15 | 45,26 | 59,5 | 16,36 | 80,30 | 87,8,35.5,0,短,小型,2,イギリス4.7inch連装砲,10,25,0.48,0.9,0.5,2|4|3|0,3|12|7|0
089,フレッチャー,美国,2,驱逐,DD-445,17,8 | 28,7 | 22,20 | 70,24 | 54,25 | 58,6 | 17,37 | 81,30 | 87,22,37,0,短,小型,2,アメリカ5inch単装砲|五連装533mm魚雷,15,25,0.48,0.9,0.4,2|4|3|0,0|20|7|5
090,カッシン・ヤング,美国,1,驱逐,DD-793,17,8 | 28,7 | 22,20 | 70,24 | 54,25 | 58,6 | 17,37 | 81,30 | 87,22,37,0,短,小型,2,アメリカ5inch単装砲,15,25,0.48,0.9,0.4,2|4|3|0,0|20|7|5
091,アンソニー,美国,1,驱逐,DD-515,17,8 | 28,7 | 22,20 | 70,24 | 54,25 | 58,6 | 17,37 | 81,30 | 87,20,37,0,短,小型,2,アメリカ5inch単装砲,15,25,0.48,0.9,0.4,2|4|3|0,0|20|7|5
092,ブレイン,美国,1,驱逐,DD-630,17,8 | 28,7 | 22,20 | 70,24 | 54,25 | 58,6 | 17,37 | 81,30 | 87,20,37,0,短,小型,2,アメリカ5inch単装砲,15,25,0.48,0.9,0.4,2|4|3|0,0|20|7|5
093,ギアリング,美国,2,驱逐,DD-710,20,10 | 30,8 | 23,20 | 70,28 | 58,30 | 63,6 | 17,32 | 76,30 | 87,20,35,0,短,小型,2,アメリカ5inch両用砲|五連装533mm魚雷,15,25,0.48,0.9,0.4,2|4|3|0,0|20|8|5
094,ジャイアット,美国,2,驱逐,DD-712,20,10 | 30,8 | 23,20 | 70,28 | 58,30 | 63,6 | 17,32 | 76,30 | 87,25,35,0,短,小型,2,アメリカ5inch両用砲,15,25,0.48,0.9,0.4,2|4|3|0,0|20|8|5
095,フランク・ノックス,美国,2,驱逐,DD-742,20,10 | 30,8 | 23,20 | 70,28 | 58,30 | 63,6 | 17,32 | 76,30 | 87,22,35,0,短,小型,2,アメリカ5inch両用砲,15,25,0.48,0.9,0.4,2|4|3|0,0|20|8|5
096,パワー,美国,2,驱逐,DD-839,20,10 | 30,8 | 23,20 | 70,28 | 58,30 | 63,6 | 17,32 | 76,30 | 87,23,35,0,短,小型,2,アメリカ5inch両用砲,15,25,0.48,0.9,0.4,2|4|3|0,0|20|8|5
097,レシーテリヌイ,苏联,4,驱逐,グネフヌイ級17番艦,18,12 | 32,8 | 23,12 | 62,20 | 50,24 | 57,5 | 16,39 | 83,31 | 88,25,39,0,短,小型,2,ソ連130mm単装砲|四連装533mm魚雷,10,15,0.48,0.9,0.5,4|8|6|0,0|12|8|0
098,ヴォークラン,法国,1,驱逐,ヴォークラン級1番艦,20,12 | 32,5 | 20,22 | 72,10 | 40,30 | 63,6 | 17,40 | 84,30 | 87,10,40,0,短,小型,2,フランス138mm単装砲|三連装533mm魚雷,10,20,0.48,0.9,0.5,2|4|3|0,0|22|5|0
099,ル・ファンタスク,法国,5,驱逐,ル・ファンタスク級1番艦,22,12 | 32,7 | 22,25 | 75,15 | 45,40 | 73,8 | 19,50 | 94,32 | 89,10,42,0,短,小型,2,フランス138mm単装砲|改良型エンジン,20,25,0.64,1.2,0.5,4|8|6|0,0|25|7|0
100,ライオン,英国,6,战列,ライオン級1番艦,81,85 | 110,80 | 105,0 | 0,55 | 85,0 | 0,15 | 42,28 | 50,41 | 97,10,28.25,2|2|2|2,长,大型,4,イギリスMK.III型三連装16inch|付加装甲(大型),125,175,4.8,9,1,50|60|60|0,91|0|80|47,^CFFFFFFFF003041FF出撃数により（上限30000回）自身の火力が最大^C06FF91FF1B3516FF12^CFFFFFFFF003041FF上昇し、クリティカル率を^C06FF91FF1B3516FF12%^CFFFFFFFF003041FF上昇する。
101,長門,日本,4,战列,長門型1番艦,76,80 | 100,70 | 90,0 | 0,28 | 58,0 | 0,17 | 44,25 | 47,39 | 95,21,25,3|3|3|3,长,大型,4,日本三年式41cm連装砲|91式徹甲弾,95,130,3.2,6,1,50|60|60|0,80|0|70|14
102,陸奥,日本,4,战列,長門型2番艦,76,80 | 100,70 | 90,0 | 0,28 | 58,0 | 0,17 | 44,25 | 47,39 | 95,5,25,3|3|3|3,长,大型,4,日本三年式41cm連装砲|三式弾,95,130,3.2,6,1,50|60|60|0,80|0|70|14
103,ロイヤル・オーク,英国,3,战列,R級4番艦,68,68 | 88,66 | 86,0 | 0,30 | 60,0 | 0,10 | 37,15 | 37,38 | 94,5,21,0,长,大型,4,イギリス15inch連装砲,80,125,2.5,5.1,1,50|60|60|0,73|0|66|15
104,ウォースパイト,英国,4,战列,クイーン・エリザベス級2番艦,69,69 | 89,67 | 87,0 | 0,45 | 75,0 | 0,12 | 39,18 | 40,39 | 95,33,24.5,3|3|3|3,长,大型,4,イギリス15inch連装砲|イギリス40mm八連装ポンポン砲|標準型射撃管制レーダー,80,125,2.5,5.1,1,50|60|60|0,74|0|67|32
105,ヴァンガード,英国,5,战列,ヴァンガード級1番艦,85,70 | 90,76 | 96,0 | 0,75 | 105,0 | 0,18 | 45,27 | 49,40 | 96,15,30,0,长,大型,4,イギリス15inch連装砲|イギリスボフォース40mm機関砲(六連装|イギリス274型レーダー,90,140,4.2,8,1,50|60|60|0,75|0|76|77
106,テネシー,美国,3,战列,テネシー級1番艦,70,74 | 94,70 | 90,0 | 0,33 | 63,0 | 0,12 | 39,15 | 37,38 | 94,28,21,3|3|3|3,长,大型,4,アメリカ14inch三連装砲,85,120,2.5,5.1,0.8,50|60|60|0,74|0|70|22
107,カリフォルニア,美国,3,战列,テネシー級2番艦,70,74 | 94,70 | 90,0 | 0,35 | 65,0 | 0,12 | 39,15 | 37,38 | 94,20,21,3|3|3|3,长,大型,4,アメリカ14inch三連装砲|標準型対空レーダー,85,120,2.5,5.1,0.8,50|60|60|0,74|0|70|23
108,コロラド,美国,4,战列,コロラド級1番艦,77,80 | 100,71 | 91,0 | 0,35 | 65,0 | 0,12 | 39,16 | 38,39 | 95,22,21,4|4|4|4,长,大型,4,アメリカ二連装16inch火砲,95,140,3.2,6,0.8,50|60|60|0,80|0|71|23
109,メリーランド,美国,4,战列,コロラド級2番艦,77,80 | 100,71 | 91,0 | 0,35 | 65,0 | 0,12 | 39,16 | 38,39 | 95,24,21,4|4|4|4,长,大型,4,アメリカ二連装16inch火砲,95,140,3.2,6,0.8,50|60|60|0,80|0|71|23
110,ウェストバージニア,美国,4,战列,コロラド級3番艦,77,80 | 100,71 | 91,0 | 0,35 | 65,0 | 0,20 | 47,16 | 38,39 | 95,26,21,4|4|4|4,长,大型,4,アメリカ二連装16inch火砲,95,140,3.2,6,0.8,50|60|60|0,80|0|71|23
111,ワシントン,美国,5,战列,ノースカロライナ級2番艦,74,88 | 108,72 | 92,0 | 0,60 | 90,0 | 0,18 | 45,25 | 58,40 | 96,30,28,3|3|3|3,长,大型,4,アメリカ16inch三連装砲（MK6）|先進型射撃管制レーダー,95,140,4.2,8,0.8,50|60|60|0,88|0|72|60
112,ヴィットリオ・ヴェネト,意大利,5,战列,ヴィットリオ・ヴェネト級1番艦,75,81 | 101,78 | 98,0 | 0,32 | 62,0 | 0,14 | 41,28 | 50,40 | 96,17,31,3|3|3|3,长,大型,4,イタリア三連装381mm主砲|プリエーゼ式水面下防御システム|イタリア食器セット,90,130,4.2,8,1.1,50|60|60|0,81|0|78|16
113,リシュリュー,法国,5,战列,リシュリュー級1番艦,78,76 | 96,82 | 102,0 | 0,30 | 60,0 | 0,13 | 40,29 | 51,40 | 96,23,32,3|3|3|3,长,大型,4,フランス四連装380mm主砲|フランス四連装380mm主砲(故障),90,130,4.2,8,1,50|60|60|0,76|0|82|15
114,シャルンホルスト,德国,4,战巡,シャルンホルスト級1番艦,72,56 | 81,70 | 85,0 | 0,25 | 55,0 | 0,15 | 42,30 | 63,39 | 95,16,31.5,3|3|3|3,长,大型,4,ドイツ283mm三連装砲,70,110,2.88,6,0.75,40|50|40|0,56|0|74|13
115,グナイゼナウ,德国,4,战巡,シャルンホルスト級2番艦,72,56 | 81,70 | 85,0 | 0,25 | 55,0 | 0,15 | 42,30 | 63,39 | 95,10,31.5,3|3|3|3,长,大型,4,ドイツ283mm三連装砲,70,110,2.88,6,0.75,40|50|40|0,56|0|74|13
117,大鳳,日本,5,装母,大鳳型1番艦,67,0 | 40,50 | 85,0 | 0,40 | 70,0 | 0,45 | 72,35 | 57,32 | 85,5,33,18|24|12|6,短,大型,4,零戦六二型|彗星|天山,70,65,2.88,5.4,1,20|20|40|10,0|0|25|44
118,グラーフ・ツェッペリン,德国,4,航母,グラーフ・ツェッペリン級1番艦,52,0 | 35,33 | 58,0 | 0,36 | 66,0 | 0,38 | 65,32 | 54,36 | 95,6,35,12|15|15|6,短,大型,4,BF109T|Ju87C|改良型エンジン,50,55,2.08,4.3,1,30|40|60|40,0|0|20|36
119,アーク・ロイヤル,英国,5,航母,アーク・ロイヤル級1番艦,48,0 | 40,36 | 61,0 | 0,47 | 77,0 | 0,40 | 67,29 | 51,37 | 96,15,31,18|18|24|12,短,大型,4,ソードフィッシュ|フルマー,50,60,2.08,3.9,1,30|40|60|40,3|0|18|58,^CFFFFFFFF003042FFアーク・ロイヤルに命中された敵の回避が^C06FF91FF1B3516FF30^CFFFFFFFF003041FF減少し、被クリティカル率が^C06FF91FF1B3516FF25%^CFFFFFFFF003041FF上昇する。
120,ヨークタウン,美国,4,航母,ヨークタウン級1番艦,50,0 | 40,30 | 55,0 | 0,38 | 68,0 | 0,38 | 65,30 | 52,36 | 95,12,32.5,21|21|23|10,短,大型,4,F2A|SBD-3|TBD,55,60,2.08,3.9,0.8,30|40|60|40,0|0|15|45
121,エンタープライズ,美国,5,航母,ヨークタウン級2番艦,50,0 | 45,30 | 55,0 | 0,40 | 70,0 | 0,40 | 73,30 | 52,37 | 96,55,32.5,21|21|23|10,短,大型,4,SBD-3|TBD|F2A|TBD,55,60,2.08,3.9,0.8,30|40|60|40,0|0|15|49,^CFFFFFFFF003041FF自身の回避が^C06FF91FF1B3516FF20^CFFFFFFFF003041FF上昇し、艦隊内で自身以外の空母系の艦船が存在しない場合、自身射程が「長」になり、火力が^C06FF91FF1B3516FF45^CFFFFFFFF003041FF上昇する
122,龍驤,日本,4,轻母,龍驤型1番艦,33,0 | 25,13 | 33,0 | 0,19 | 49,0 | 0,36 | 63,28 | 50,34 | 90,9,28,21|15|4|0,短,中型,3,零戦二一型|九七式艦攻,35,35,1.28,2.4,0.75,20|30|50|20,0|0|7|19
123,ボーグ,美国,3,轻母,ボーグ級1番艦,35,0 | 20,7 | 27,0 | 0,33 | 63,0 | 0,36 | 63,15 | 37,33 | 89,15,16.5,15|10|3|0,短,中型,3,F4F|TBF,35,40,1.28,2.4,0.625,20|30|50|20,0|0|4|38
124,チェイサー,英国,4,轻母,アタッカー級3番艦,35,0 | 20,7 | 27,0 | 0,33 | 63,5 | 16,36 | 63,15 | 37,34 | 90,30,16.5,15|10|3|0,短,中型,3,ソードフィッシュMKIII|シーファイア,30,40,1.28,2.4,0.75,20|30|50|20,2|0|4|33
125,コロッサス,英国,3,轻母,コロッサス級1番艦,40,0 | 20,18 | 38,0 | 0,40 | 70,0 | 0,38 | 65,22 | 44,33 | 89,22,25,20|15|5|0,短,中型,3,シーファイアMKXV|ファイアフライ,30,40,1.28,2.4,0.75,20|30|50|20,2|0|9|44
126,プリンストン,美国,3,轻母,インディペンデンス級2番艦,36,0 | 20,20 | 40,0 | 0,45 | 65,0 | 0,39 | 66,28 | 50,33 | 89,10,31,10|15|10|0,短,中型,3,F4F|TBF,35,40,1.28,2.4,0.625,20|30|50|20,0|0|10|50
127,ユニコーン,英国,3,轻母,無し,43,0 | 20,22 | 42,0 | 0,42 | 72,0 | 0,36 | 63,21 | 43,33 | 89,21,24,20|10|5|0,短,中型,3,シーファイア|ソードフィッシュMKIII,30,40,1.28,2.4,0.75,20|30|50|20,2|0|11|48
128,ドイッチュラント,德国,3,战巡,ドイッチュラント級1番艦,55,43 | 68,35 | 50,12 | 42,20 | 50,0 | 0,13 | 40,25 | 58,38 | 94,13,27.5,2|2|2,长,大型,3,ドイツ283mm三連装砲|ディーゼルエンジン,50,90,2.08,4.3,0.75,40|50|40|0,43|0|38|10
129,アドミラル・シェーア,德国,3,战巡,ドイッチュラント級2番艦,55,43 | 68,35 | 50,12 | 42,20 | 50,0 | 0,13 | 40,25 | 58,38 | 94,15,27.5,2|2|2,长,大型,3,ドイツ283mm三連装砲|ディーゼルエンジン,50,90,2.08,4.3,0.75,40|50|40|0,43|0|38|10
130,アドミラル・グラーフ・シュペー,德国,4,战巡,ドイッチュラント級3番艦,57,43 | 68,36 | 50,12 | 42,22 | 52,0 | 0,14 | 41,25 | 58,39 | 95,8,27.5,2|2|2,长,大型,3,ドイツ283mm三連装砲|ディーゼルエンジン,50,90,2.08,4.3,0.75,40|50|40|0,43|0|39|11
131,古鷹,日本,3,重巡,古鷹型1番艦,36,28 | 48,26 | 41,16 | 51,18 | 48,0 | 0,11 | 49,35 | 79,35 | 91,10,35,2|2|2,中,中型,3,日本三年式20.3cm2号連装砲,40,65,1.28,2.4,0.75,30|40|30|0,28|10|13|9
132,加古,日本,3,重巡,古鷹型2番艦,36,28 | 48,26 | 41,16 | 51,18 | 48,0 | 0,11 | 49,35 | 79,35 | 91,15,35,2|2|2,中,中型,3,日本三年式20.3cm2号連装砲,40,65,1.28,2.4,0.75,30|40|30|0,28|10|13|9
133,青葉,日本,3,重巡,青葉型1番艦,37,28 | 48,27 | 42,16 | 51,18 | 48,0 | 0,11 | 49,35 | 79,35 | 91,20,35,2|2|2,中,中型,3,日本三年式20.3cm2号連装砲,40,65,1.28,2.4,0.75,30|40|30|0,28|10|14|9
134,衣笠,日本,3,重巡,青葉型2番艦,37,28 | 48,27 | 42,16 | 51,18 | 48,0 | 0,11 | 49,35 | 79,35 | 91,15,35,2|2|2,中,中型,3,日本三年式20.3cm2号連装砲,40,65,1.28,2.4,0.75,30|40|30|0,28|10|14|9
135,ロンドン,英国,3,重巡,ロンドン級1番艦,50,35 | 55,28 | 41,18 | 53,36 | 66,0 | 0,15 | 53,31 | 75,35 | 91,13,32.5,2|2|2,中,中型,3,イギリス二連装8inch火砲,35,70,1.28,2.4,0.75,30|40|30|0,39|9|14|18
136,ケント,英国,3,重巡,ケント級1番艦,49,34 | 54,25 | 40,10 | 45,35 | 65,0 | 0,14 | 52,30 | 74,35 | 91,15,32.5,2|2|2,中,中型,3,イギリス二連装8inch火砲,35,70,1.28,2.4,0.75,30|40|30|0,38|5|13|18
137,ポートランド,美国,3,重巡,ポートランド級1番艦,49,38 | 63,33 | 53,0 | 0,38 | 68,0 | 0,16 | 54,31 | 75,35 | 91,20,32.7,2|2|2,中,中型,3,アメリカ8inch三連装砲,40,70,1.28,2.4,0.625,30|40|30|0,38|0|17|26
138,インディアナポリス,美国,4,重巡,ポートランド級2番艦,49,38 | 63,33 | 53,0 | 0,48 | 78,0 | 0,16 | 54,31 | 75,36 | 92,10,32.7,2|2|2,中,中型,3,アメリカ8inch三連装砲|極秘荷物,40,70,1.28,2.4,0.625,30|40|30|0,38|0|17|42
139,ペンサコーラ,美国,3,重巡,ペンサコーラ級1番艦,47,40 | 65,33 | 53,0 | 0,36 | 66,0 | 0,16 | 54,30 | 74,35 | 91,16,32.5,2|2|2,中,中型,3,アメリカ8inch三連装砲,40,70,1.28,2.4,0.625,30|40|30|0,40|0|17|23
140,ソルトレイクシティー,美国,3,重巡,ペンサコーラ級2番艦,47,40 | 65,33 | 53,0 | 0,36 | 66,0 | 0,16 | 54,30 | 74,35 | 91,15,32.5,2|2|2,中,中型,3,アメリカ8inch三連装砲,40,70,1.28,2.4,0.625,30|40|30|0,40|0|17|23
141,ノーザンプトン,美国,3,重巡,ノーザンプトン級1番艦,45,38 | 63,33 | 53,0 | 0,38 | 68,0 | 0,16 | 54,31 | 75,35 | 91,15,32.5,2|2|2,中,中型,3,アメリカ8inch三連装砲|アメリカ1.1inch四連装対空機銃,40,70,1.28,2.4,0.625,30|40|30|0,38|0|17|26
142,ヒューストン,美国,3,重巡,ノーザンプトン級5番艦,45,38 | 63,33 | 53,0 | 0,38 | 68,0 | 0,16 | 54,31 | 75,35 | 91,15,32.5,2|2|2,中,中型,3,アメリカ8inch三連装砲|アメリカ1.1inch四連装対空機銃,40,70,1.28,2.4,0.625,30|40|30|0,38|0|17|26
143,ニューオーリンズ,美国,3,重巡,ニューオーリンズ級1番艦,43,38 | 63,32 | 52,0 | 0,35 | 65,0 | 0,15 | 53,31 | 75,35 | 91,12,32.7,2|2|2,中,中型,3,アメリカ8inch三連装砲,40,70,1.28,2.4,0.625,30|40|30|0,38|0|16|23
144,キーロフ,苏联,4,轻巡,26型1番艦,29,30 | 55,26 | 46,10 | 50,24 | 54,20 | 64,10 | 21,33 | 77,34 | 91,27,36,2|2|2,中,中型,3,ソ連三連装180mm火砲|Бе-4艦上偵察機,20,25,0.8,1.5,0.5,10|16|10|0,15|10|13|12
145,川内,日本,2,轻巡,川内型1番艦,25,15 | 40,10 | 30,26 | 66,10 | 40,20 | 64,8 | 19,36 | 74,33 | 90,10,35.2,2|2|2,中,中型,3,日本三年式14cm単装砲|九二式61cm魚雷四連装発射管,25,25,0.8,1.5,0.5,5|8|5|0,8|29|5|5
146,神通,日本,2,轻巡,川内型2番艦,25,15 | 40,10 | 30,26 | 66,13 | 43,20 | 64,8 | 19,36 | 74,33 | 90,10,35.2,2|2|2,中,中型,3,日本三年式14cm単装砲|九二式61cm魚雷四連装発射管,25,25,0.8,1.5,0.5,5|8|5|0,8|29|5|7
148,M,德国,5,轻巡,M級1番艦,33,19 | 49,18 | 43,13 | 53,16 | 46,24 | 68,9 | 20,36 | 74,35 | 92,5,36,2|2|2,中,中型,3,ドイツ150mm連装砲|四連装533mm魚雷,25,25,0.8,1.5,0.5,10|16|10|0,10|13|11|8
149,エムデン,德国,2,轻巡,エムデン級1番艦,30,17 | 42,18 | 38,8 | 44,16 | 46,24 | 68,8 | 19,26 | 64,33 | 90,20,29,0,中,中型,3,ドイツ150mm単装砲,20,25,0.8,1.65,0.5,5|8|5|0,9|8|11|8
150,エメラルド,英国,2,轻巡,エメラルド級1番艦,30,17 | 42,15 | 35,24 | 64,25 | 55,30 | 74,10 | 21,30 | 68,33 | 90,20,33,2|2|2,中,中型,3,イギリス6inch火砲|黄金箱,20,30,0.8,1.5,0.5,5|8|5|0,12|24|8|13
151,エンタープライズ,英国,2,轻巡,エメラルド級2番艦,30,18 | 43,15 | 35,24 | 64,25 | 55,30 | 74,10 | 21,30 | 68,33 | 90,22,33,2|2|2,中,中型,3,イギリス6inch連装砲,20,30,0.8,1.5,0.5,5|8|5|0,12|24|8|13
152,エディンバラ,英国,4,轻巡,エディンバラ級1番艦,35,27 | 52,30 | 50,10 | 50,40 | 70,20 | 64,10 | 21,30 | 68,34 | 91,13,33,2|2|2,中,中型,3,イギリス三連装6inch火砲|黄金箱,20,30,0.8,1.5,0.5,10|16|10|0,18|10|15|24
153,ベルファスト,英国,5,轻巡,エディンバラ級2番艦,35,27 | 52,30 | 50,10 | 50,40 | 70,20 | 64,10 | 21,30 | 68,35 | 92,40,33,2|2|2,中,中型,3,イギリス三連装6inch火砲,20,30,0.8,1.5,0.5,10|16|10|0,18|10|15|24
154,カレイジャス,英国,3,战巡,カレイジャス級1番艦,52,42 | 67,28 | 43,15 | 45,18 | 48,0 | 0,14 | 41,30 | 63,38 | 94,10,32,0,长,大型,4,イギリス15inch連装砲,50,100,2.08,3.9,0.75,40|50|40|0,46|0|28|9
155,グローリアス,英国,3,战巡,カレイジャス級2番艦,52,42 | 67,28 | 43,15 | 45,18 | 48,0 | 0,14 | 41,30 | 63,38 | 94,9,32,0,长,大型,4,イギリス15inch連装砲,50,100,2.08,3.9,0.75,40|50|40|0,46|0|28|9
156,フューリアス,英国,4,航战,カレイジャス級3番艦,57,35 | 60,28 | 43,10 | 40,20 | 50,0 | 0,20 | 47,30 | 63,38 | 94,18,32,0|0|10|5,长,大型,4,イギリス18inch単装砲,50,100,2.08,3.9,0.75,50|60|60|10,22|0|28|20
157,サンディエゴ,美国,4,轻巡,アトランタ級3番艦,27,24 | 54,19 | 44,0 | 0,58 | 98,40 | 84,12 | 23,31 | 69,34 | 91,40,33.6,0,中,中型,3,アメリカ5inch両用砲,25,30,0.8,1.5,0.4,10|16|10|0,12|0|10|68
158,サンファン,美国,3,轻巡,アトランタ級4番艦,27,24 | 54,19 | 44,0 | 0,58 | 98,40 | 84,12 | 23,31 | 69,33 | 90,15,33.6,0,中,中型,3,アメリカ5inch両用砲,25,30,0.8,1.5,0.4,10|16|10|0,12|0|10|68
160,ムールマンスク,苏联,3,轻巡,オマハ級2番艦,28,20 | 45,15 | 35,20 | 60,40 | 70,25 | 69,8 | 19,33 | 71,33 | 90,20,35,2|2|2,中,中型,3,三連装533mm魚雷|ボフォース40mm対空機関砲（連装）,25,25,0.8,1.5,0.4,10|16|10|0,10|20|8|24
161,デ・ロイテル,荷兰,2,轻巡,無し,28,19 | 49,15 | 40,0 | 0,25 | 55,30 | 74,8 | 19,32 | 70,33 | 90,10,33,2|2|2,中,中型,3,オランダ二連装152mm火砲,25,25,0.8,1.5,0.5,5|8|5|0,10|0|8|13
162,逸仙,中国,4,轻巡,無し,18,12 | 37,10 | 30,10 | 50,20 | 50,25 | 69,8 | 19,21 | 59,34 | 91,35,20,0,中,中型,3,中国150mm火砲,15,20,0.64,1.2,0.5,10|16|10|0,6|10|5|10
164,秋月,日本,2,驱逐,秋月型1番艦,19,13 | 33,7 | 22,18 | 68,28 | 58,23 | 56,7 | 18,36 | 80,30 | 87,10,33,0,短,小型,2,日本九八式10cm連装砲,15,20,0.48,0.9,0.5,2|4|3|0,0|21|7|0
165,涼月,日本,2,驱逐,秋月型3番艦,19,13 | 33,7 | 22,18 | 68,28 | 58,23 | 56,7 | 18,37 | 81,30 | 87,10,34,0,短,小型,2,日本九八式10cm連装砲,15,20,0.48,0.9,0.5,2|4|3|0,0|21|7|0
166,陽炎,日本,3,驱逐,陽炎型1番艦,16,12 | 32,7 | 22,28 | 78,11 | 41,21 | 54,7 | 18,37 | 81,30 | 87,12,34,0,短,小型,2,日本三年式12.7cm連装砲,15,20,0.48,0.9,0.5,4|8|6|0,0|31|7|0
167,不知火,日本,2,驱逐,陽炎型2番艦,16,12 | 32,7 | 22,28 | 78,11 | 41,21 | 54,7 | 18,37 | 81,30 | 87,10,34,0,短,小型,2,日本三年式12.7cm連装砲,15,20,0.48,0.9,0.5,2|4|3|0,0|31|7|0
168,黒潮,日本,2,驱逐,陽炎型3番艦,16,12 | 32,7 | 22,28 | 78,11 | 41,21 | 54,7 | 18,37 | 81,30 | 87,10,34,0,短,小型,2,日本三年式12.7cm連装砲,15,20,0.48,0.9,0.5,2|4|3|0,0|31|7|0
169,雪風,日本,5,驱逐,陽炎型8番艦,16,12 | 32,7 | 22,28 | 78,20 | 50,21 | 54,7 | 18,45 | 89,32 | 89,50,38.2,0,短,小型,2,日本三年式12.7cm連装砲|九二式61cm魚雷四連装発射管,15,20,0.48,0.9,0.5,4|8|6|0,0|31|7|0,^CFFFFFFFF003041FF自身を除く艦隊全員の運を吸収し、^C06FF91FF1B3516FF9^CFFFFFFFF003041FFごとに自身の回避率を1%上昇させる。
170,Z3,德国,3,驱逐,1934型3番艦,18,8 | 28,8 | 23,24 | 74,11 | 41,22 | 55,6 | 17,38 | 82,30 | 87,10,38.2,0,短,小型,2,ドイツ127mm単装砲|四連装533mm魚雷,10,20,0.48,0.99,0.5,4|8|6|0,0|24|10|0
171,Z46,德国,5,驱逐,1936C型1番艦,22,12 | 32,11 | 26,24 | 74,30 | 60,26 | 59,7 | 18,38 | 82,32 | 89,6,37.5,0,短,小型,2,ドイツ二連装128mm両用砲,10,20,0.48,0.99,0.5,4|8|6|0,0|24|13|0
172,アーデント,英国,3,驱逐,A級3番艦,14,7 | 27,6 | 21,24 | 74,15 | 45,28 | 61,6 | 17,35 | 79,30 | 87,10,35,0,短,小型,2,四連装533mm魚雷,10,25,0.48,0.9,0.5,4|8|6|0,3|24|6|0
173,アカスタ,英国,3,驱逐,A級6番艦,14,7 | 27,6 | 21,26 | 76,15 | 45,28 | 61,6 | 17,35 | 79,30 | 87,10,35,0,短,小型,2,四連装533mm魚雷,10,25,0.48,0.9,0.5,4|8|6|0,3|26|6|0
174,ソーマレズ,英国,4,驱逐,S級1番艦,14,8 | 28,7 | 22,22 | 72,22 | 52,30 | 63,5 | 16,36 | 80,31 | 88,25,36,0,短,小型,2,イギリス4.7inch連装砲,10,25,0.48,0.9,0.5,4|8|6|0,1|22|7|0
175,ヴィーナス,英国,3,驱逐,V級1番艦,14,8 | 28,7 | 22,21 | 71,22 | 52,30 | 63,5 | 16,38 | 82,30 | 87,20,37,0,短,小型,2,イギリス4.7inch連装砲,10,25,0.48,0.9,0.5,4|8|6|0,1|21|7|0
176,リージョン,英国,2,驱逐,L級4番艦,15,12 | 32,8 | 23,20 | 70,27 | 57,28 | 61,5 | 16,36 | 80,30 | 87,15,36,0,短,小型,2,イギリス4.7inch連装砲,10,25,0.48,0.9,0.5,2|4|3|0,1|20|8|0
177,サッチャー,美国,2,驱逐,DD-514,17,8 | 28,7 | 22,20 | 70,24 | 54,25 | 58,6 | 17,37 | 81,30 | 87,15,37,0,短,小型,2,アメリカ5inch単装砲,15,25,0.48,0.9,0.4,2|4|3|0,0|20|7|5
178,サリバン,美国,2,驱逐,DD-537,17,8 | 28,7 | 22,20 | 70,24 | 54,25 | 58,6 | 17,37 | 81,30 | 87,32,37,0,短,小型,2,アメリカ5inch単装砲,15,25,0.48,0.9,0.4,2|4|3|0,0|20|7|5
179,シグスビー,美国,2,驱逐,DD-502,17,8 | 28,7 | 22,20 | 70,24 | 54,25 | 58,6 | 17,37 | 81,30 | 87,20,37,0,短,小型,2,アメリカ5inch単装砲,15,25,0.48,0.9,0.4,2|4|3|0,0|20|7|5
180,オバノン,美国,5,驱逐,DD-450,17,8 | 28,7 | 22,20 | 70,24 | 54,35 | 79,6 | 17,40 | 89,32 | 89,52,37,0,短,小型,2,アメリカ5inch単装砲|ジャガイモ,15,25,0.48,0.9,0.4,4|8|6|0,0|20|7|5
181,ウィリアム・D・ポーター,美国,5,驱逐,DD-579,17,8 | 28,7 | 22,20 | 70,28 | 58,25 | 58,1 | 1,40 | 84,32 | 89,2,37,0,短,小型,2,アメリカ5inch単装砲|五連装533mm魚雷,15,25,0.48,0.9,0.4,4|8|6|0,0|20|7|5,^CFFFFFFFF003041FFこのスキルは何の役にも立たない。
182,ポーター,美国,3,驱逐,DD-356,18,15 | 40,8 | 23,24 | 74,15 | 45,25 | 58,6 | 17,37 | 81,30 | 87,10,38.5,0,短,小型,2,アメリカ5inch連装砲,15,25,0.48,0.9,0.4,4|8|6|0,0|24|8|4
183,ラフィー,美国,4,驱逐,DD-724,22,10 | 30,10 | 30,20 | 70,30 | 60,32 | 65,7 | 18,36 | 80,31 | 88,45,38.5,0,短,小型,2,アメリカ5inch両用砲|五連装533mm魚雷,15,25,0.48,0.9,0.4,4|8|6|0,0|20|10|5
184,ラフィー,美国,4,驱逐,DD-459,16,7 | 27,6 | 21,20 | 70,20 | 50,22 | 55,6 | 17,37 | 81,31 | 88,10,37.5,0,短,小型,2,五連装533mm魚雷|アメリカ5inch単装砲,15,25,0.48,0.9,0.4,4|8|6|0,0|20|6|5
185,カミチア・ネーラ,意大利,4,驱逐,ソルダティ級1番艦,18,9 | 29,7 | 22,18 | 68,11 | 41,28 | 61,5 | 16,39 | 83,31 | 88,20,38,0,短,小型,2,イタリア連装120mm火砲,10,20,0.48,0.9,0.55,4|8|6|0,0|18|7|0
186,アヴィエーレ,意大利,4,驱逐,ソルダティ級2番艦,18,9 | 29,7 | 22,18 | 68,11 | 41,28 | 61,5 | 16,39 | 83,31 | 88,15,38,0,短,小型,2,イタリア連装120mm火砲,10,20,0.48,0.9,0.55,4|8|6|0,0|18|7|0
187,アントニオ・ダ・ノリ,意大利,4,驱逐,ナヴィガトーリ級4番艦,20,10 | 30,7 | 22,18 | 68,11 | 41,22 | 55,5 | 16,40 | 84,31 | 88,5,39,0,短,小型,2,イタリア連装120mm火砲|標準型エンジン,10,20,0.48,0.9,0.55,4|8|6|0,0|18|7|0
188,ウゴリーノ・ヴィヴァルディ,意大利,4,驱逐,ナヴィガトーリ級5番艦,20,10 | 30,7 | 22,18 | 68,11 | 41,22 | 55,5 | 16,40 | 84,31 | 88,5,39,0,短,小型,2,イタリア連装120mm火砲|標準型エンジン,10,20,0.48,0.9,0.55,4|8|6|0,0|18|7|0
192,タシュケント,苏联,5,驱逐,20I型1番艦,24,13 | 33,8 | 23,25 | 75,16 | 46,20 | 53,5 | 16,45 | 89,32 | 89,16,42.7,0,短,小型,2,ソ連二連装130mm火砲|改良型エンジン,10,20,0.48,0.9,0.5,4|8|6|0,0|25|8|0
193,エンゲルス,苏联,4,驱逐,オルフェイ級6番艦,13,15 | 40,5 | 20,18 | 68,9 | 39,24 | 57,5 | 16,45 | 79,31 | 88,5,35.5,0,短,小型,2,ソ連単装305mm無反動砲,10,20,0.48,0.9,0.5,4|8|6|0,0|18|5|0
194,アルバコア,美国,5,潜艇,SS-218,12,4 | 24,10 | 25,24 | 74,0 | 0,0 | 0,12 | 45,20 | 42,32 | 96,25,21,0,短,小型,2,21inch魚雷(潜水艦),15,20,0.6,0.45,0.25,10|10|20|0,0|24|10|0
195,アーチャーフィッシュ,美国,5,潜艇,SS-311,12,4 | 24,10 | 25,24 | 74,0 | 0,0 | 0,12 | 45,20 | 42,32 | 96,27,21,0,短,小型,2,21inch魚雷(潜水艦),15,20,0.6,0.45,0.25,10|10|20|0,0|24|10|0
196,M1,英国,3,炮潜,M級1番艦,12,20 | 50,10 | 25,18 | 58,0 | 0,0 | 0,10 | 43,15 | 37,30 | 90,5,15,0,短,小型,3,イギリス12inch潜水艦主砲,20,40,1,1,0.5,4|8|6|0,4|18|10|0
197,U 47,德国,4,潜艇,VIIB型11番艦,10,3 | 23,9 | 24,22 | 72,0 | 0,0 | 0,13 | 46,18 | 40,31 | 95,20,18,0,短,小型,2,533mm磁気魚雷(潜水艦),15,20,0.6,0.5,0.275,10|10|20|0,0|22|11|0
198,U 505,德国,5,潜艇,U505,12,4 | 24,10 | 25,22 | 72,0 | 0,0 | 0,12 | 45,18 | 40,32 | 96,9,18,0,短,小型,2,533mm磁気魚雷(潜水艦),15,20,0.6,0.5,0.275,10|10|20|0,0|22|12|0
199,スルクフ,法国,3,炮潜,無し,20,16 | 46,12 | 27,22 | 62,0 | 0,0 | 0,12 | 45,19 | 41,30 | 90,9,18.5,2|2|2,短,小型,3,フランス旋回魚雷発射管|フランス二連装203mm潜水艦主砲,25,35,1,1,0.5,4|8|6|0,0|22|12|0
200,ヒンデンブルク,德国,6,战列,H級1番艦,100,84 | 109,80 | 100,0 | 0,36 | 66,0 | 0,16 | 43,26 | 48,41 | 97,5,30,4|4|4|4,长,大型,4,ドイツ406mm連装砲|付加装甲(大型),125,165,4.8,9.9,1.1,50|60|60|0,84|0|84|18,^CFFFFFFFF003041FF自身が中破と大破状態でない時、砲撃戦で^C06FF91FF1B3516FF15%^CFFFFFFFF003041FFの徹甲効果を得る（装備の徹甲効果と加算できる）、また敵艦に^C06FF91FF1B3516FF20^CFFFFFFFF003041FFの追加ダメージを与える。
203,クイーン・エリザベス,英国,3,战列,クイーン・エリザベス級1番艦,69,69 | 89,66 | 86,0 | 0,25 | 55,0 | 0,11 | 38,19 | 41,38 | 94,10,25,3|3|3|3,长,大型,4,イギリス15inch連装砲|標準型エンジン,80,125,2.5,5.1,1,50|60|60|0,74|0|66|13
205,デューク・オブ・ヨーク,英国,5,战列,キング・ジョージ5世級3番艦,74,75 | 95,75 | 95,0 | 0,55 | 85,0 | 0,15 | 42,26 | 48,40 | 96,18,29,4|4|4|4,长,大型,4,イギリス14inch四連装砲|イギリス5.25inch連装砲|標準型射撃管制レーダー,90,140,4.2,8,1,50|60|60|0,80|0|75|47,^CFFFFFFFF003037FF編隊内にイギリス艦以外の艦船ごとに、自身の命中値、回避値、火力が^C06FF91FF1B3516FF3^CFFFFFFFF003041FF点上昇する。
206,ノースカロライナ,美国,5,战列,ノースカロライナ級1番艦,74,88 | 108,72 | 92,0 | 0,60 | 90,0 | 0,18 | 45,25 | 47,40 | 96,25,28,3|3|3|3,长,大型,4,先進型射撃管制レーダー|アメリカ16inch三連装砲（MK6）,95,140,4.2,8,0.8,50|60|60|0,88|0|72|60
207,サウスダコタ,美国,5,战列,サウスダコタ級1番艦,75,88 | 108,80 | 100,0 | 0,63 | 93,0 | 0,17 | 44,24 | 46,40 | 96,13,27.5,3|3|3|3,长,大型,4,アメリカ16inch三連装砲（MK6）|先進型射撃管制レーダー,95,140,4.2,8,0.8,50|60|60|0,88|0|80|65
209,ミズーリ,美国,6,战列,アイオワ級3番艦,84,91 | 116,82 | 102,0 | 0,73 | 108,0 | 0,20 | 47,30 | 52,41 | 102,24,33,3|3|3|3,长,大型,4,アメリカ三連装16inch主砲(MK7)|先進型射撃管制レーダー|改良型エンジン,135,175,4.8,9,0.8,50|60|60|0,91|0|82|86,^CFFFFFFFF003042FF砲撃戦で敵の戦艦、戦巡、航戦に対するクリティカル率が^C06FF91FF1B3516FF20%^CFFFFFFFF003041FF上昇し、かつ優先的に攻撃するようになる。クリティカルが発生した場合、中破と大破の影響を無視する
211,カイオ・ドゥイリオ,意大利,5,战列,アンドレア・ドーリア級2番艦,54,59 | 79,59 | 79,0 | 0,18 | 48,0 | 0,10 | 37,22 | 44,40 | 96,10,22,3|3|3|3,长,大型,4,イタリア305mm三連装砲,70,110,2.25,4.55,1,50|60|60|0,59|0|59|9
213,ローマ,意大利,5,战列,ヴィットリオ・ヴェネト級3番艦,75,81 | 101,78 | 98,0 | 0,35 | 65,0 | 0,14 | 41,28 | 50,40 | 96,10,31,3|3|3|3,长,大型,4,イタリア三連装381mm主砲|プリエーゼ式水面下防御システム,90,130,4.2,8,1.1,50|60|60|0,81|0|78|18,^CFFFFFFFF003041FF砲撃戦で初回砲撃の徹甲効果が^C06FF91FF1B3516FF40%^CFFFFFFFF003041FF上昇する。
214,ソビエツキー・ソユーズ,苏联,5,战列,ソビエツキー・ソユーズ級1番艦,92,86 | 111,77 | 97,0 | 0,37 | 67,0 | 0,11 | 38,29 | 51,40 | 96,8,28,4|4|4|4,长,大型,4,ソ連三連装406mm主砲|プリエーゼ式水面下防御システム,125,165,4.8,9,1,50|60|60|0,86|0|77|20,^CFFFFFFFF003041FF砲撃ダメージが^C06FF91FF1B3516FF90%^CFFFFFFFF003041FF~^C06FF91FF1B3516FF130%^CFFFFFFFF003041FF内上下する。
216,ダンケルク,法国,5,战列,ダンケルク級1番艦,62,65 | 90,65 | 80,0 | 0,33 | 63,0 | 0,13 | 40,30 | 63,40 | 96,9,31,2|2|2,长,大型,4,フランス330mm四連装主砲,80,120,2.88,5.4,0.625,50|60|60|0,65|0|65|17
218,グスタフ5世,瑞典,4,重炮,スウェーデン級3番艦,40,35 | 65,46 | 66,0 | 0,29 | 59,0 | 0,10 | 21,16 | 49,39 | 95,15,23,0,长,小型,2,スウェーデン連装280mm主砲,40,65,1.28,2.4,0.75,20|20|30|0,35|0|46|0
219,瑞鶴,日本,5,航母,翔鶴型2番艦,62,0 | 40,31 | 56,0 | 0,36 | 66,0 | 0,46 | 73,40 | 62,37 | 96,40,34.2,19|26|21|12,短,大型,4,零戦二一型|九九式艦爆|九七式艦攻,60,55,2.4,4.5,1,30|40|60|40,0|0|16|36
220,翔鶴,日本,5,航母,翔鶴型1番艦,62,0 | 40,31 | 56,0 | 0,36 | 66,0 | 0,46 | 73,35 | 57,37 | 96,10,34.2,19|26|21|12,短,大型,4,零戦二一型|九九式艦爆|九七式艦攻,60,55,2.4,4.5,1,30|40|60|40,0|0|16|36
221,飛龍,日本,4,航母,飛龍型1番艦,48,0 | 40,27 | 52,0 | 0,30 | 60,0 | 0,38 | 65,35 | 57,36 | 95,13,34.5,21|18|18|6,短,大型,4,零戦二一型|九九式艦爆|九七式艦攻,60,55,2.4,4.5,1,30|40|60|40,0|0|14|30
222,蒼龍,日本,4,航母,蒼龍型1番艦,46,0 | 35,25 | 50,0 | 0,25 | 55,0 | 0,42 | 69,35 | 57,36 | 95,10,34.5,21|18|18|6,短,大型,4,零戦二一型|九九式艦爆|九七式艦攻,60,55,2.4,4.5,1,30|40|60|40,0|0|13|25
223,信濃,日本,6,装母,大和型3番艦,96,0 | 45,75 | 105,0 | 0,38 | 68,0 | 0,47 | 74,25 | 47,33 | 86,1,27,12|12|35|0,短,大型,4,天河|烈風|流星,110,100,3.5,6,1,20|20|40|10,0|0|38|40,^CFFFFFFFF003042FF編成ページ前方の^C06FF91FF1B3516FF3^CFFFFFFFF003041FF隻の艦船の受ける航空攻撃のダメージが^C06FF91FF1B3516FF35%^CFFFFFFFF003041FF減少し、自身の対空と索敵が^C06FF91FF1B3516FF12^CFFFFFFFF003041FF上昇する。
225,ワスプ,美国,4,航母,ワスプ級1番艦,37,0 | 35,20 | 45,0 | 0,35 | 65,0 | 0,40 | 67,27 | 49,36 | 95,9,29.5,15|15|25|15,短,大型,4,F4F|SBD-3|TBF,55,60,2.08,3.9,0.8,30|40|60|40,0|0|10|40
226,エセックス,美国,5,航母,エセックス級1番艦,60,0 | 40,35 | 60,0 | 0,60 | 90,0 | 0,50 | 77,30 | 52,37 | 96,20,33,18|18|36|18,短,大型,4,SB2C|TBF|F6F,60,60,2.4,4.5,0.8,30|40|60|40,0|0|18|90,^CFFFFFFFF003041FF自身の火力を^C06FF91FF1B3516FF6^CFFFFFFFF003041FF点上昇させる。敵方に装甲空母、航空母艦あるいは軽空母がいる場合、どれ一つの装甲空母、航空母艦あるいは軽空母の火力を^20^CFFFFFFFF003041FF点下降させる。
227,飛鷹,日本,3,轻母,飛鷹型1番艦,55,0 | 20,16 | 36,0 | 0,22 | 52,0 | 0,34 | 61,25 | 47,33 | 89,13,25.5,12|18|18,短,中型,3,零戦二一型|九九式艦爆|九七式艦攻,35,35,1.28,2.4,0.75,20|30|50|20,0|0|8|22
228,隼鷹,日本,3,轻母,飛鷹型2番艦,55,0 | 20,16 | 36,0 | 0,22 | 52,0 | 0,34 | 61,25 | 47,33 | 89,20,25.5,12|18|18,短,中型,3,零戦二一型|九九式艦爆|九七式艦攻,35,35,1.28,2.4,0.75,20|30|50|20,0|0|8|22
229,鳳翔,日本,3,轻母,鳳翔型1番艦,27,0 | 20,9 | 29,0 | 0,15 | 45,0 | 0,30 | 57,20 | 42,33 | 89,25,25,6|6|8,短,中型,3,九六式艦戦|九七式艦攻,25,30,0.96,1.8,0.625,20|30|50|20,0|0|5|15
230,ハーミーズ,英国,4,轻母,ハーミーズ級1番艦,28,0 | 20,10 | 30,0 | 0,23 | 53,0 | 0,30 | 57,18 | 40,33 | 89,15,25,6|12|6|0,短,中型,3,ソードフィッシュ|ロッキード「シリウス」,20,30,0.96,1.8,0.75,20|30|50|20,2|0|5|23
232,ベアルン,法国,3,航母,ノルマンディー級5番艦,62,0 | 35,34 | 59,0 | 0,29 | 59,0 | 0,32 | 59,19 | 41,35 | 94,16,21.5,12|12|12|4,短,大型,4,D.790|LN.401|BR.810,50,55,2.08,3.9,0.8,30|40|60|40,0|0|17|29
233,最上,日本,4,重巡,最上型1番艦,42,41 | 61,33 | 48,25 | 60,22 | 52,0 | 0,13 | 51,35 | 79,36 | 92,9,35,3|3|3,中,中型,3,日本三年式20.3cm2号連装砲,40,65,1.28,2.4,0.75,30|40|30|0,41|16|17|11
234,三隈,日本,4,重巡,最上型2番艦,42,41 | 61,33 | 48,25 | 60,22 | 52,0 | 0,13 | 51,35 | 79,36 | 92,6,35,3|3|3,中,中型,3,日本三年式20.3cm2号連装砲,40,65,1.28,2.4,0.75,30|40|30|0,41|16|17|11
235,鈴谷,日本,4,重巡,最上型3番艦,42,41 | 61,33 | 48,25 | 60,22 | 52,0 | 0,13 | 51,35 | 79,36 | 92,5,35,3|3|3,中,中型,3,日本三年式20.3cm2号連装砲,40,65,1.28,2.4,0.75,30|40|30|0,41|16|17|11
236,熊野,日本,4,重巡,最上型4番艦,42,41 | 61,33 | 48,25 | 60,22 | 52,0 | 0,13 | 51,35 | 79,36 | 92,5,35,3|3|3,中,中型,3,日本三年式20.3cm2号連装砲,40,65,1.28,2.4,0.75,30|40|30|0,41|16|17|11
237,サフォーク,英国,3,重巡,ケント級5番艦,49,34 | 54,26 | 41,10 | 45,36 | 66,0 | 0,13 | 51,30 | 74,35 | 91,15,32.5,2|2|2,中,中型,3,イギリス二連装8inch火砲,35,70,1.28,2.4,0.75,30|40|30|0,38|5|13|18
238,ヨーク,英国,3,重巡,ヨーク級1番艦,33,28 | 58,29 | 44,12 | 47,38 | 68,0 | 0,14 | 52,30 | 74,35 | 91,10,32,2|2|2,中,中型,3,イギリス二連装8inch火砲,35,70,1.28,2.4,0.75,30|40|30|0,32|6|15|21
239,エクセター,英国,3,重巡,ヨーク級2番艦,33,28 | 58,29 | 44,12 | 47,38 | 68,0 | 0,14 | 52,30 | 74,35 | 91,10,32,2|2|2,中,中型,3,イギリス二連装8inch火砲,35,70,1.28,2.4,0.75,30|40|30|0,32|6|15|21
240,サンフランシスコ,美国,4,重巡,ニューオーリンズ級5番艦,43,38 | 68,32 | 47,0 | 0,40 | 70,0 | 0,15 | 53,33 | 77,36 | 92,30,32.7,3|3|3,中,中型,3,アメリカ8inch三連装砲,40,70,1.28,2.4,0.625,30|40|30|0,38|0|16|29
241,ボルチモア,美国,5,重巡,ボルチモア級1番艦,52,43 | 68,36 | 56,0 | 0,60 | 90,0 | 0,18 | 56,31 | 75,37 | 93,17,33,2|2|2,中,中型,3,アメリカ三連装8inch火砲(MK12/|アメリカ5inch両用砲,40,70,1.28,2.4,0.625,30|40|30|0,43|0|18|60,^CFFFFFFFF003042FF艦隊に編成されるアメリカ重巡1隻ごとに、軽巡、重巡、航巡の火力が^C06FF91FF1B3516FF5^CFFFFFFFF003041FF上昇し、艦隊に編成されるアメリカ軽巡1隻ごとに、軽巡、重巡、航巡の対空と回避が^C06FF91FF1B3516FF5^CFFFFFFFF003041FF上昇する
243,デモイン,美国,6,重巡,デモイン級1番艦,52,53 | 83,38 | 58,0 | 0,78 | 108,0 | 0,18 | 56,31 | 75,38 | 94,11,33,3|3|3,中,中型,3,三連装8inch高角砲MK16|アメリカ3inch連装対空砲,40,70,1.28,2.4,0.625,30|40|30|0,53|0|19|88,^CFFFFFFFF003042FFクリティカルダメージが^C06FF91FF1B3516FF20%^CFFFFFFFF003041FF上昇し、砲撃戦で^C06FF91FF1B3516FF30%^CFFFFFFFF003041FFの確率で^C06FF91FF1B3516FF30%^CFFFFFFFF003041FFの追加ダメージを与える。（クリティカルダメージの上昇と追加ダメージが同時に発生しない）
247,香取,日本,3,轻巡,香取型1番艦,23,13 | 38,7 | 27,10 | 50,16 | 46,30 | 74,9 | 20,15 | 53,33 | 90,10,18,2|2|2,中,中型,3,日本八九式12.7cm連装高角砲|零式水上偵察機,20,25,0.5,1.5,0.5,10|16|10|0,7|12|4|8
248,大淀,日本,5,轻巡,大淀型1番艦,32,20 | 50,25 | 50,0 | 0,33 | 63,28 | 72,20 | 31,35 | 73,35 | 92,15,35.3,6|6|6,中,中型,3,日本三年式15.5cm三連装砲|紫雲|改良型ソナー,20,30,0.8,1.5,0.5,10|16|10|0,10|0|13|17
249,ライプツィヒ,德国,3,轻巡,ライプツィヒ級1番艦,35,25 | 50,26 | 46,20 | 60,19 | 49,26 | 70,9 | 20,30 | 68,33 | 90,17,32,2|2|2,中,中型,3,ドイツ150mm三連装砲,20,25,0.8,1.65,0.5,10|16|10|0,13|20|16|10
251,オークランド,美国,3,轻巡,アトランタ級5番艦,27,22 | 52,19 | 44,0 | 0,65 | 105,40 | 84,12 | 23,31 | 69,33 | 90,15,32.5,0,中,中型,3,ボフォース40mm対空機関砲（四連装）,25,30,0.8,1.5,0.4,10|16|10|0,11|0|10|79
252,クリーブランド,美国,4,轻巡,クリーブランド級1番艦,36,31 | 61,30 | 55,0 | 0,65 | 105,30 | 74,12 | 23,31 | 69,34 | 91,20,32.5,3|3|3,中,中型,3,アメリカ6inch三連装砲,25,30,0.8,1.5,0.4,10|16|10|0,16|0|15|79,^CFFFFFFFF003041FF砲撃戦時に^C06FF91FF1B3516FF40%^CFFFFFFFF003041FFの確率で発動。敵に通常の^C06FF91FF1B3516FF1.4^CFFFFFFFF003041FF倍のダメージを与える。
253,應瑞,中国,3,轻巡,應瑞級1番艦,23,14 | 39,16 | 36,10 | 50,10 | 40,20 | 64,7 | 18,15 | 53,33 | 90,15,20,0,中,中型,3,中国150mm火砲,15,20,0.64,1.2,0.5,10|16|10|0,7|10|8|5
254,肇和,中国,3,轻巡,應瑞級2番艦,24,14 | 39,16 | 36,10 | 50,10 | 40,20 | 64,7 | 18,15 | 53,33 | 90,15,20,0,中,中型,3,中国150mm火砲,15,20,0.64,1.2,0.5,10|16|10|0,7|10|8|5
259,トンブリー,泰国,4,重炮,トンブリー級1番艦,24,20 | 50,26 | 46,0 | 0,10 | 40,0 | 0,9 | 20,13 | 46,33 | 88,17,15.5,0,长,小型,2,日本三年式20.3cm2号連装砲|ディーゼルエンジン,12,20,0.48,1.05,0.4,20|20|30|0,20|0|26|0
260,睦月,日本,1,驱逐,睦月型1番艦,13,7 | 27,5 | 20,18 | 68,8 | 38,16 | 49,4 | 15,40 | 84,30 | 87,12,37,0,短,小型,2,日本三年式12cm単装砲,15,15,0.48,0.9,0.5,2|4|3|0,0|21|5|0
261,白露,日本,3,驱逐,白露型1番艦,15,9 | 29,5 | 20,24 | 74,10 | 40,21 | 54,5 | 16,38 | 82,30 | 87,15,34,0,短,小型,2,日本三年式12.7cm連装砲|九二式61cm魚雷四連装発射管,15,15,0.48,0.9,0.5,4|8|6|0,0|27|5|0
262,時雨,日本,4,驱逐,白露型2番艦,16,9 | 29,5 | 20,24 | 74,10 | 40,21 | 54,5 | 16,44 | 88,30 | 87,35,34,0,短,小型,2,日本三年式12.7cm連装砲|九二式61cm魚雷四連装発射管,15,15,0.48,0.9,0.5,4|8|6|0,0|27|5|0,^CFFFFFFFF003041FF回避が^C06FF91FF1B3516FF30^CFFFFFFFF003041FF上昇する。
263,村雨,日本,3,驱逐,白露型3番艦,15,9 | 29,5 | 20,24 | 74,10 | 40,21 | 54,5 | 16,38 | 82,30 | 87,15,34,0,短,小型,2,日本三年式12.7cm連装砲|九二式61cm魚雷四連装発射管,15,15,0.48,0.9,0.5,4|8|6|0,0|27|5|0
264,夕立,日本,4,驱逐,白露型4番艦,15,9 | 29,5 | 20,24 | 74,10 | 40,21 | 54,5 | 16,38 | 82,30 | 87,15,34,0,短,小型,2,日本三年式12.7cm連装砲|九二式61cm魚雷四連装発射管,15,15,0.48,0.9,0.5,4|8|6|0,0|27|5|0
265,嵐,日本,4,驱逐,陽炎型16番艦,16,10 | 30,6 | 21,24 | 74,11 | 41,24 | 57,6 | 17,37 | 81,31 | 88,9,34,0,短,小型,2,標準型ソナー|標準型爆雷投射機,15,20,0.48,0.9,0.5,4|8|6|0,0|27|6|0
267,島風,日本,5,驱逐,島風型1番艦,20,10 | 30,7 | 22,45 | 95,13 | 43,21 | 54,8 | 19,50 | 94,32 | 89,10,40,0,短,小型,2,零式61cm魚雷五連装発射管|改良型エンジン,15,20,0.48,0.9,0.5,4|8|6|0,0|48|7|0
268,峯風,日本,1,驱逐,峯風型1番艦,12,6 | 26,5 | 20,16 | 66,8 | 38,16 | 49,4 | 15,45 | 94,30 | 87,13,39,0,短,小型,2,日本三年式12cm単装砲,15,15,0.45,0.8,0.45,2|4|3|0,0|19|5|0
269,Z 17,德国,2,驱逐,1936型1番艦,19,8 | 28,9 | 24,24 | 74,11 | 41,22 | 55,6 | 17,38 | 82,30 | 87,7,38.5,0,短,小型,2,ドイツ127mm単装砲,10,20,0.48,0.99,0.5,2|4|3|0,0|24|11|0
270,Z 18,德国,2,驱逐,1936型2番艦,19,8 | 28,9 | 24,24 | 74,11 | 41,22 | 55,6 | 17,38 | 82,30 | 87,7,38.5,0,短,小型,2,ドイツ127mm単装砲,10,20,0.48,0.99,0.5,2|4|3|0,0|24|11|0
271,ヴァンパイア,澳大利亚,3,驱逐,D68,14,8 | 28,5 | 20,18 | 68,15 | 45,32 | 65,5 | 16,34 | 78,30 | 87,10,34,0,短,小型,2,三連装533mm魚雷|標準型爆雷投射機,10,25,0.48,0.9,0.5,4|8|6|0,0|18|5|0
272,ハイダ,加拿大,3,驱逐,G63,17,13 | 33,7 | 22,12 | 62,15 | 45,26 | 59,5 | 16,36 | 80,30 | 87,35,35.5,0,短,小型,2,イギリス4.7inch連装砲|改良型爆雷投射機,10,25,0.48,0.9,0.5,4|8|6|0,0|12|7|0
275,コンバース,美国,3,驱逐,DD-509,17,8 | 28,7 | 22,20 | 70,24 | 54,25 | 58,6 | 17,37 | 81,30 | 87,22,37,0,短,小型,2,アメリカ5inch単装砲|五連装533mm魚雷,15,25,0.48,0.9,0.4,4|8|6|0,0|20|7|5
276,ダイソン,美国,3,驱逐,DD-572,17,8 | 28,7 | 22,20 | 70,24 | 54,25 | 58,6 | 17,37 | 81,30 | 87,22,37,0,短,小型,2,アメリカ5inch単装砲|五連装533mm魚雷,15,25,0.48,0.9,0.4,4|8|6|0,0|20|7|5
277,クラクストン,美国,3,驱逐,DD-571,17,8 | 28,7 | 22,20 | 70,24 | 54,25 | 58,6 | 17,37 | 81,30 | 87,19,37,0,短,小型,2,アメリカ5inch単装砲|五連装533mm魚雷,15,25,0.48,0.9,0.4,4|8|6|0,0|20|7|5
278,ホーエル,美国,3,驱逐,DD-533,17,8 | 28,7 | 22,20 | 70,24 | 54,25 | 58,6 | 17,37 | 81,30 | 87,16,37,0,短,小型,2,アメリカ5inch単装砲|五連装533mm魚雷,15,25,0.48,0.9,0.4,4|8|6|0,0|20|7|5
279,サミュエル・B・ロバーツ,美国,3,驱逐,DE-413,14,6 | 26,6 | 21,10 | 60,22 | 52,35 | 68,6 | 17,34 | 78,30 | 87,16,28,0,短,小型,2,三連装533mm魚雷|改良型爆雷投射機,15,25,0.48,0.9,0.4,4|8|6|0,0|10|6|5
280,ジョンストン,美国,3,驱逐,DD-557,17,8 | 28,7 | 22,20 | 70,24 | 54,25 | 58,6 | 17,37 | 81,30 | 87,20,37,0,短,小型,2,アメリカ5inch単装砲|五連装533mm魚雷,15,25,0.48,0.9,0.4,4|8|6|0,0|20|7|5
281,グレミャーシチイ,苏联,5,驱逐,7型6番艦,18,12 | 32,8 | 23,12 | 62,20 | 50,24 | 57,5 | 16,39 | 83,31 | 88,30,39,0,短,小型,2,ソ連130mm単装砲|三連装533mm魚雷,10,15,0.48,0.9,0.5,4|8|6|0,0|12|8|0
289,U 81,德国,4,潜艇,VII型8番艦,10,3 | 23,9 | 24,22 | 72,0 | 0,0 | 0,13 | 46,18 | 40,31 | 95,15,18,0,短,小型,2,533mm磁気魚雷(潜水艦),15,20,0.6,0.5,0.275,10|10|20|0,0|22|11|0
290,U 96,德国,5,潜艇,U 96,10,3 | 23,9 | 24,22 | 72,0 | 0,0 | 0,13 | 46,18 | 40,32 | 96,25,18,0,短,小型,2,533mm磁気魚雷(潜水艦),15,20,0.6,0.5,0.275,10|10|20|0,0|22|11|0
292,U 156,德国,4,潜艇,U156,12,4 | 24,10 | 25,22 | 72,0 | 0,0 | 0,12 | 45,18 | 40,31 | 95,15,18,0,短,小型,2,533mm磁気魚雷(潜水艦),15,20,0.6,0.5,0.275,10|10|20|0,0|22|12|0
293,U1206,德国,4,潜艇,U1206,10,3 | 23,9 | 24,22 | 72,0 | 0,0 | 0,13 | 46,18 | 40,32 | 96,5,17.7,0,短,小型,2,533mm磁気魚雷(潜水艦)|ドイツ海軍便器,15,20,0.6,0.5,0.275,10|10|20|0,0|22|11|0
294,タング,美国,5,潜艇,SS-306,12,4 | 24,10 | 25,24 | 74,0 | 0,0 | 0,12 | 45,20 | 42,32 | 96,18,20,0,短,小型,2,21inch魚雷(潜水艦),15,20,0.6,0.45,0.25,10|10|20|0,0|24|10|0
298,スフバートル,蒙古,6,补给,無し,10,9 | 29,3 | 13,0 | 0,5 | 35,0 | 0,5 | 16,30 | 96,33 | 90,50,15,0,短,小型,2,,10,10,1,1,0.5,2|2|2|0,5|0|2|0,^CFFFFFFFF003041FF運が^C06FF91FF1B3516FF30^CFFFFFFFF003041FF上昇する。スフバートルを艦隊に編入する際、^C06FF91FF1B3516FF30%^CFFFFFFFF003041FFの確率でよりいい魚を釣れる。
301,マハン,美国,4,驱逐,DD364,16,9 | 29,7 | 22,24 | 74,9 | 39,25 | 58,6 | 17,37 | 81,30 | 87,7,37,0,短,小型,2,アメリカ5inch単装砲|四連装533mm魚雷,15,25,0.48,0.9,0.4,4|8|6|0,0|24|7|4
302,セントルイス,美国,4,轻巡,ブルックリン級8番艦,33,32 | 62,29 | 54,0 | 0,45 | 85,25 | 69,12 | 23,31 | 69,34 | 91,25,31.5,4|4|4,中,中型,3,アメリカ6inch三連装砲|標準型対空レーダー,30,35,0.8,1.5,0.4,10|16|10|0,16|0|15|48
303,オーディン,冰岛,5,补给,無し,12,10 | 30,5 | 15,0 | 0,9 | 39,0 | 0,6 | 17,33 | 99,30 | 87,30,18,1|1,短,小型,2,グングニル,10,10,1,1,0.5,2|2|2|0,5|0|3|0,^CFFFFFFFF003041FFいい魚を釣れる確率が^C06FF91FF1B3516FF30%^CFFFFFFFF003041FF減少する。
304,ジャンヌ・ダルク,法国,3,轻巡,ジャンヌ・ダルク級1番艦,29,19 | 44,15 | 35,8 | 48,22 | 52,26 | 70,8 | 19,20 | 58,30 | 87,23,25,2|2|2,中,中型,3,フランス連装155mm主砲,20,25,0.8,1.5,0.5,10|16|10|0,10|8|8|11
305,キング・ジョージ5世,英国,5,战列,キング・ジョージ5世級1番艦,74,75 | 95,75 | 95,0 | 0,50 | 85,0 | 0,15 | 42,26 | 48,40 | 96,24,29,4|4|4|4,长,大型,4,イギリス14inch四連装砲|イギリス5.25inch連装砲,90,140,4.2,8,1,50|60|60|0,80|0|75|44,^CFFFFFFFF003041FF装甲≥^C06FF91FF1B3516FF50^CFFFFFFFF003041FFの目標を攻撃するとき、^C06FF91FF1B3516FF35%^CFFFFFFFF003041FFの確率で^C06FF91FF1B3516FF1.4^CFFFFFFFF003041FF倍のダメージを与える。
306,バーフラー,英国,4,驱逐,バトル級1番艦,18,10 | 30,8 | 23,23 | 73,33 | 63,34 | 67,6 | 17,36 | 80,30 | 87,15,35.8,0,短,小型,2,イギリス連装4.5inch砲（MK.VI|四連装533mm魚雷,10,25,0.48,0.9,0.5,4|8|6|0,3|23|8|0
307,ヴェスタル,美国,5,补给,AR-4,40,8 | 28,7 | 22,0 | 0,15 | 45,0 | 0,6 | 17,21 | 76,30 | 87,25,16,0,短,小型,3,アメリカ5inch単装砲,40,20,1.28,2.4,0.5,2|2|2|0,4|0|4|4,^CFFFFFFFF003041FF自身の回避が^C06FF91FF1B3516FF30^CFFFFFFFF003041FF上昇し、攻撃される確率が^C06FF91FF1B3516FF30%^CFFFFFFFF003041FF減少する。戦闘終了後、戦闘時受けるダメージの一番多い味方の受けたダメージの^C06FF91FF1B3516FF40%^CFFFFFFFF003041FFを修復する。
308,ゴトランド,瑞典,4,航巡,ゴトランド級1番艦,25,15 | 40,16 | 36,10 | 50,25 | 60,20 | 53,32 | 43,22 | 60,30 | 87,16,27.5,0|0|8,中,中型,3,三連装533mm魚雷|標準型ソナー|サーブ 17,30,80,1.28,1.5,0.5,50|40|60|6,15|5|8|25
309,ノヴゴロド,苏联,6,重炮,ノヴゴロド級1番艦,20,20 | 50,36 | 56,0 | 0,1 | 5,0 | 0,6 | 17,6 | 39,32 | 87,9,6,0,长,小型,2,,12,25,0.48,1.05,0.4,20|20|30|0,20|0|36|0,^CFFFFFFFF003041FF説明がありません
310,カッシング,美国,4,驱逐,マハン級13番艦,16,9 | 29,7 | 22,24 | 74,9 | 39,25 | 58,6 | 17,37 | 81,30 | 87,10,37,0,短,小型,2,四連装533mm魚雷,15,25,0.48,0.9,0.4,4|8|6|0,0|24|7|4
311,ガダルカナル,美国,3,轻母,カサブランカ級6番艦,36,0 | 20,7 | 27,0 | 0,37 | 67,0 | 0,38 | 65,15 | 37,33 | 89,20,18,15|10|3|0,短,中型,3,F4F|TBF,35,40,1.28,2.4,0.625,20|30|50|20,0|0|4|43
312,ニュルンベルク,德国,4,轻巡,ライプツィヒ級2番艦,35,25 | 50,26 | 46,20 | 60,24 | 54,26 | 70,9 | 20,30 | 68,34 | 91,17,32,2|2|2,中,中型,3,ドイツ150mm三連装砲,20,25,0.8,1.65,0.5,10|16|10|0,13|20|16|12
313,エイジャックス,英国,3,轻巡,リアンダー級３番艦,28,20 | 45,24 | 44,13 | 53,30 | 60,28 | 72,10 | 21,30 | 68,33 | 90,24,32.5,2|2|2,中,中型,3,イギリス6inch連装砲,25,30,0.8,1.5,0.4,10|16|10|0,13|13|12|15
314,イエータ・レヨン,瑞典,4,轻巡,トレ・クロノール級2番艦,29,19 | 44,25 | 45,12 | 52,50 | 80,24 | 68,10 | 21,35 | 73,34 | 91,15,33,0,中,中型,3,スウェーデン三連装152mm主砲,25,30,0.8,1.5,0.4,10|16|10|0,10|12|13|39
315,宵月,日本,2,驱逐,秋月型10番艦,19,13 | 33,7 | 22,18 | 68,28 | 58,23 | 56,7 | 18,36 | 80,30 | 87,17,33,0,短,小型,2,日本九八式10cm連装砲,15,20,0.48,0.9,0.5,2|4|3|0,0|21|7|0
316,ミンスク,苏联,4,驱逐,38型1番艦,20,12 | 32,8 | 23,20 | 70,18 | 48,24 | 57,5 | 16,40 | 84,42 | 87,19,41.7,0,短,小型,2,ソ連130mm単装砲,10,15,0.48,0.9,0.5,4|8|6|0,0|20|8|0
317,M2,英国,3,炮潜,M級2番艦,12,20 | 50,10 | 25,18 | 58,0 | 0,0 | 0,10 | 43,15 | 37,30 | 90,6,15,0,短,小型,3,イギリス12inch潜水艦主砲,20,40,1,1,0.5,4|8|6|0,4|18|10|0
318,モルトケ,德国,5,战巡,モルトケ級1番艦,59,48 | 73,45 | 60,0 | 0,10 | 40,0 | 0,10 | 37,27 | 49,40 | 96,15,28.4,0,长,大型,4,ドイツ二連装280mm主砲(旧式),55,100,2.88,5.4,0.75,40|50|40|0,48|0|48|5
319,インドミタブル,英国,5,装母,イラストリアス級4番艦,66,0 | 40,56 | 86,0 | 0,58 | 88,0 | 0,40 | 67,34 | 56,32 | 85,24,30.5,12|24|20|10,短,大型,4,シーファイア|アルバコア,70,65,2.88,5.4,1,20|20|40|10,3|0|28|80,^CFFFFFFFF003041FF装備した攻撃機の雷装を^C06FF91FF1B3516FF7^CFFFFFFFF003041FF点上昇させ、久値が減少しても、ほかの属性への影響がなくなる。戦闘により艦載機の損失が^C06FF91FF1B3516FF30%^CFFFFFFFF003041FF減少する。（大破時は効果がない）
320,スパルヴィエロ,意大利,4,轻母,スパルヴィエロ級1番艦,60,0 | 20,23 | 43,0 | 0,30 | 60,0 | 0,35 | 62,30 | 52,34 | 90,7,20,16|10|10|0,短,中型,3,RE.2001|G.55S,35,40,1.28,2.4,0.75,20|30|50|20,0|0|12|30
322,ヒーアマン,美国,4,驱逐,DD-532,17,8 | 28,7 | 22,20 | 70,24 | 54,25 | 58,6 | 17,37 | 81,42 | 87,24,37,0,短,小型,2,アメリカ5inch単装砲|五連装533mm魚雷,15,25,0.48,0.9,0.4,4|8|6|0,0|20|7|5,^CFFFFFFFF003041FF自身の回避値、命中値、運を^C06FF91FF1B3516FF20^CFFFFFFFF003041FF点上昇させる。
323,キエフ,苏联,5,驱逐,48型1番艦,24,13 | 33,7 | 22,24 | 74,20 | 50,18 | 51,5 | 16,45 | 89,32 | 89,6,42.5,0,短,小型,2,533mm2-н魚雷|改良型エンジン,15,25,0.48,0.9,0.4,4|8|6|0,0|24|7|0
324,タスカルーサ,美国,3,重巡,ニューオーリンズ級4番艦,43,38 | 63,32 | 52,0 | 0,35 | 65,0 | 0,15 | 53,31 | 75,35 | 91,18,32.7,2|2|2,中,中型,3,アメリカ8inch三連装砲,40,70,1.28,2.4,0.625,30|40|30|0,38|0|16|23
325,レキシントン,美国,5,航母,エセックス級8番艦,60,0 | 40,35 | 60,0 | 0,65 | 95,0 | 0,50 | 77,30 | 52,37 | 96,25,33,18|18|36|18,短,大型,4,SB2C|TBF|F6F,60,60,2.4,4.5,0.8,30|40|60|40,0|0|18|100,^CFFFFFFFF003041FF航空攻撃を受けるとき、^C06FF91FF1B3516FF25%^CFFFFFFFF003041FFの確率でダメージを無効させる。さらに、装備している爆撃機の火力を^C06FF91FF1B3516FF15%^CFFFFFFFF003041FF上昇させる。
326,ノーフォーク,英国,4,重巡,ノーフォーク級1番艦,50,35 | 60,28 | 43,18 | 53,33 | 63,0 | 0,20 | 58,30 | 74,36 | 92,30,32.3,2|2|2,中,中型,3,イギリス二連装8inch火砲|改良型対水上レーダー,35,70,1.28,2.4,0.75,30|40|30|0,39|9|14|17
327,スタレット,美国,4,驱逐,ベンハム級9番艦,16,9 | 29,6 | 21,27 | 77,10 | 40,25 | 58,6 | 17,50 | 94,31 | 88,25,40.7,0,短,小型,2,四連装533mm魚雷|改良型エンジン,15,25,0.48,0.9,0.4,4|8|6|0,0|27|6|4
328,妙高,日本,3,重巡,妙高型1番艦,43,42 | 62,31 | 46,19 | 54,20 | 50,0 | 0,13 | 51,36 | 80,35 | 91,17,33,2|2|2,中,中型,3,日本三年式20.3cm2号連装砲|零式水上偵察機,40,65,1.28,2.4,0.75,30|40|30|0,42|13|16|10
329,オーガスタ,美国,4,重巡,ノーザンプトン級6番艦,45,38 | 63,33 | 53,0 | 0,38 | 68,0 | 0,16 | 54,31 | 75,36 | 92,25,32.5,2|2|2,中,中型,3,アメリカ8inch三連装砲|アメリカ1.1inch四連装対空機銃,40,70,1.28,2.4,0.625,30|40|30|0,38|0|17|26
330,ディフェンダー,英国,4,驱逐,デアリング級3番艦,24,10 | 30,8 | 23,22 | 72,45 | 75,48 | 81,10 | 21,34 | 78,31 | 88,12,30,0,短,小型,2,MK.N6連装4.5inch砲|五連装533mm魚雷,15,25,0.48,0.9,0.4,4|8|6|0,3|22|8|9
331,インコンパラブル,英国,6,战巡,インコンパラブル級1番艦,80,93 | 118,58 | 83,8 | 38,20 | 50,0 | 0,15 | 42,29 | 51,40 | 96,6,35,0,长,大型,4,イギリス20インチ連装主砲,70,120,2.88,5.4,0.75,40|50|40|0,99|0|58|10,^CFFFFFFFF003041FF自身の被クリティカル率+^C06FF91FF1B3516FF15%^CFFFFFFFF003041FF、攻撃目標は戦艦、巡戦、航戦の場合、^C06FF91FF1B3516FF120%^CFFFFFFFF003041FFのダメージを与え、攻撃目標の航速が自身より遅い場合、クリティカル率+^C06FF91FF1B3516FF15%^CFFFFFFFF003041FF。
332,神鷹,日本,4,轻母,神鷹型1番艦,40,0 | 20,8 | 28,0 | 0,25 | 55,0 | 0,36 | 63,16 | 38,34 | 90,10,21,17|10|6,短,中型,3,九七式艦攻|零戦五二型,35,40,1.28,2.4,0.75,20|30|50|20,0|0|4|25
333,ド・グラース,法国,5,轻巡,ド・グラース級1番艦,32,27 | 52,32 | 52,0 | 0,80 | 110,42 | 64,20 | 31,32 | 70,33 | 90,20,33.5,0,中,中型,3,フランスM1948連装127mm砲|ボフォースM1951連装57mm対空機銃,20,25,0.8,1.5,0.5,10|16|10|0,14|0|16|84
334,ネウストラシムイ,苏联,4,驱逐,41型1号館,23,10 | 30,9 | 24,26 | 76,32 | 62,30 | 63,7 | 18,36 | 80,30 | 87,10,33.5,0,短,小型,2,ソ連СМ-2-1連装130mm砲|ソ連СМ-20-ЗИФ45mm四連装対空,15,25,0.48,0.9,0.4,4|8|6|0,0|26|9|0
335,ヴォルタ,法国,4,驱逐,モガドール級2番艦,24,17 | 42,10 | 25,25 | 75,18 | 48,22 | 55,9 | 20,48 | 92,30 | 87,10,42,0,短,小型,2,フランスM1934連装138mm砲,10,20,0.48,0.9,0.5,4|8|6|0,0|25|10|0
336,竹,日本,3,驱逐,松型2番艦,13,6 | 26,4 | 19,16 | 66,22 | 52,30 | 63,5 | 16,35 | 79,30 | 87,15,27.8,0,短,小型,2,日本八九式12.7cm連装高角砲|九二式61cm魚雷四連装発射管,15,20,0.48,0.9,0.5,4|8|6|0,0|19|4|0
337,ポンペオ・マーニョ,意大利,5,轻巡,カピターニ・ロマーニ級９番艦,24,18 | 43,12 | 27,24 | 59,20 | 50,24 | 57,10 | 21,47 | 91,34 | 91,23,40,0,中,中型,3,イタリア135mm連装主砲,15,20,0.64,1.1,0.4,10|16|10|0,9|24|6|10
339,インペロ,意大利,5,航母,ヴィットリオ・ヴェネト級4番艦,70,0 | 40,60 | 80,0 | 0,38 | 68,0 | 0,40 | 67,28 | 50,36 | 95,7,31,33|22|20|0,短,大型,4,RE.2001|G.55S,60,55,2.5,4.8,1,30|40|60|40,0|0|30|40,^CFFFFFFFF003041FF航空戦と砲撃戦で与えるダメージが^C06FF91FF1B3516FF20%^CFFFFFFFF003041FF上昇する。
340,ボルツァーノ,意大利,4,重巡,ボルツァーノ級,42,36 | 61,30 | 45,10 | 45,26 | 56,0 | 0,13 | 51,34 | 78,35 | 92,15,35,2|2|2,中,中型,3,イタリア203mm連装主砲,35,65,1.28,2.5,0.65,30|40|30|0,36|5|15|13
341,ドラゴン,波兰,4,轻巡,ダナイー級4番艦,25,16 | 41,18 | 38,20 | 55,35 | 65,30 | 63,9 | 20,30 | 68,34 | 92,15,29,0,中,中型,3,イギリス6inch火砲,20,30,0.8,1.4,0.475,10|16|10|0,8|20|9|18
351,U-1405,德国,4,潜艇,U-1405,8,2 | 22,5 | 20,12 | 62,0 | 0,0 | 0,10 | 26,28 | 61,31 | 95,10,25,0,短,小型,2,533mm磁気魚雷(潜水艦),10,15,0.5,0.4,0.15,10|10|20|0,0|12|7|0
352,モスクワ,苏联,6,重巡,66型1番艦,56,51 | 76,50 | 70,0 | 0,68 | 98,0 | 0,18 | 45,32 | 65,40 | 96,7,34.5,0,长,中型,3,ソ連CM-40型220mm三連装砲|ソ連СМ-20-ЗИФ45mm四連装対空,65,100,2.4,3.8,0.8,30|40|30|0,51|0|25|66,^CFFFFFFFF003041FF自身を含めて艦隊内の軽巡と重巡の回避値を^C06FF91FF1B3516FF7^CFFFFFFFF003041FF点上昇させ、軽巡の火力を^C06FF91FF1B3516FF7^CFFFFFFFF003041FF点を上昇させる。^CFFFFFFFF003042FF梯形陣の場合、自身のクリティカル率と被クリティカル率を^C06FF91FF1B3516FF10^CFFFFFFFF003041FF点上昇させる。
353,スヴェルドロフ,苏联,4,轻巡,68-бис型1番艦,36,31 | 61,28 | 48,16 | 56,53 | 83,30 | 74,20 | 36,33 | 66,36 | 92,18,33,0,中,中型,3,ソ連三連装152mm火砲|ソ連CM-5-1 100mm連装砲,25,35,0.8,1.5,0.5,10|16|10|0,16|16|14|44
360,タイガー,英国,5,轻巡,タイガー級1番艦,36,28 | 53,30 | 50,0 | 0,74 | 104,40 | 62,15 | 26,33 | 69,37 | 94,16,31.5,0,中,中型,3,イギリス連装MK.N5型6inch両用砲,20,35,0.9,1.5,0.5,10|16|10|0,18|0|15|75
361,K1,英国,3,潜艇,K級1番艦,23,5 | 25,12 | 27,20 | 70,0 | 0,0 | 0,7 | 18,15 | 37,31 | 91,9,24,0,短,小型,2,,20,20,0.8,0.8,0.45,10|10|20|0,2|20|12|0
362,コンステレーション,美国,4,战巡,レキシントン級2番艦,76,82 | 107,56 | 71,12 | 42,36 | 66,0 | 0,12 | 39,28 | 61,40 | 95,7,33,2|2|2,长,大型,4,アメリカ二連装16inch火砲,75,120,2.8,5.3,0.75,40|50|40|0,82|0|56|23
363,ジュグーチイ,苏联,4,导驱,57бис級4番艦,26,8 | 36,12 | 27,1 | 1,46 | 76,0 | 0,10 | 37,34 | 72,38 | 97,12,34.5,8|8,短,小型,2,P-1対艦ミサイル|СМ-59-1型発射装置,25,50,0.48,1.2,0.65,8|12|10|16,8|1|12|56

1001,フッド,英国,6,战巡,アドミラル級1番艦,80,78 | 103,72 | 87,0 | 0,55 | 85,0 | 0,18 | 45,33 | 68,45 | 102,8,32,3|3|3|3,长,大型,4,イギリス二連装15inch火砲(改)|付加装甲(大型)|イギリス三連装15inch火砲(試作)|ジンジャー&フィッシュケーキ,70,120,2.88,5.4,0.75,40|50|40|0,83|0|72|47,^CFFFFFFFF003041FFフッドを旗艦として出撃の場合は、艦隊内のイギリス艦のクリティカル率が^20%、^CFFFFFFFF003041FF他国艦のクリティカル率が^C06FF91FF1B3516FF10%、^CFFFFFFFF003041FFそれぞれ上昇するが、艦隊全員の被クリティカル率が^C06FF91FF1B3516FF10%^CFFFFFFFF003041FF上昇する。,^CFFFFFFFF003041FF旗艦の位置にいる場合、艦隊全体航速^C06FF91FF1B3516FF4^CFFFFFFFF003041FFkt上昇する。
1002,扶桑,日本,4,航战,扶桑型1番艦,72,68 | 88,64 | 84,0 | 0,37 | 67,0 | 0,20 | 47,27 | 52,43 | 100,9,24,0|0|12|18,长,大型,4,日本試作35.6cm三連装主砲,85,120,2.5,5.1,1,50|60|60|10,34|0|64|38,^CFFFFFFFF003042FF装備している大口径主砲の火力が^C06FF91FF1B3516FF5^CFFFFFFFF003041FF上昇し、単縦陣または梯形陣の時、火力が^C06FF91FF1B3516FF5^CFFFFFFFF003041FF上昇し、命中が^C06FF91FF1B3516FF15^CFFFFFFFF003041FF上昇する。
1003,山城,日本,4,战列,扶桑型2番艦,72,87 | 107,64 | 84,0 | 0,25 | 50,0 | 0,10 | 37,24 | 49,42 | 97,9,23,2|2|2|2,长,大型,4,日本試作41cm三連装主砲,85,135,2.5,5.2,1,50|60|60|0,87|0|64|13,^CFFFFFFFF003042FF装備している大口径主砲の火力が^C06FF91FF1B3516FF5^CFFFFFFFF003041FF上昇し、単縦陣または梯形陣の時、火力が^C06FF91FF1B3516FF5^CFFFFFFFF003041FF上昇し、命中が^C06FF91FF1B3516FF15^CFFFFFFFF003041FF上昇する。
1004,伊勢,日本,4,航战,伊勢型1番艦,79,67 | 87,67 | 87,0 | 0,48 | 78,0 | 0,20 | 47,28 | 53,45 | 100,15,24.5,0|0|12|12,长,大型,4,日本四一式35.6cm連装砲|対空噴進砲|瑞雲,85,120,2.5,5.1,1,50|60|60|10,34|0|67|60,^CFFFFFFFF003041FF航空戦時に発動し、敵爆撃機の命中率を^C06FF91FF1B3516FF20%^CFFFFFFFF003041FF下げる。
1005,日向,日本,4,航战,伊勢型2番艦,79,67 | 87,67 | 87,0 | 0,48 | 78,0 | 0,20 | 47,28 | 53,45 | 100,15,24.5,0|0|12|12,长,大型,4,日本四一式35.6cm連装砲|対空噴進砲|瑞雲,85,120,2.5,5.1,1,50|60|60|10,34|0|67|60,^CFFFFFFFF003041FF航空戦時に発動し、敵攻撃機の命中率を^C06FF91FF1B3516FF20%^CFFFFFFFF003041FF下げる。
1006,ビスマルク,德国,6,战列,ビスマルク1番艦,100,82 | 102,80 | 100,0 | 0,37 | 67,0 | 0,22 | 49,30 | 55,46 | 102,18,30.8,4|4|4|4,长,大型,4,ドイツ406mm連装砲|ドイツ37mm連装対空砲|レーダー警戒装置|オスカー,90,130,4.2,8.8,1,50|60|60|0,82|0|84|20,^CFFFFFFFF003041FFビスマルクを旗艦として出撃の場合は、^C06FF91FF1B3516FF30%^CFFFFFFFF003041FFの確率で敵旗艦を狙い、特殊攻撃を与える。この攻撃は必ず命中し、そして与えるダメージに^C06FF91FF1B3516FF30^CFFFFFFFF003041FFの固定ダメージを追加する。,^CFFFFFFFF003041FF耐久が50%以上の場合、受ける全てのダメージは^C06FF91FF1B3516FF8^CFFFFFFFF003041FF点減少する。
1007,ティルピッツ,德国,6,战列,ビスマルク級2番艦,101,82 | 102,80 | 100,10 | 30,39 | 69,0 | 0,22 | 49,30 | 55,46 | 102,16,30,4|4|4|4,长,大型,4,ドイツ406mm連装砲|G7a魚雷|ドイツ37mm連装対空砲|連絡電報,90,130,4.2,8.8,1,50|60|60|0,82|0|84|23,^CFFFFFFFF003041FFティルピッツは旗艦の場合、敵の命中と回避を^C06FF91FF1B3516FF8^CFFFFFFFF003041FF減少させ、第6章｢北海の嵐｣の場合、旗艦でなくてもスキルは発動する。
1008,ネルソン,英国,5,战列,ネルソン級1番艦,77,89 | 109,82 | 102,0 | 0,47 | 77,0 | 0,16 | 43,23 | 48,45 | 101,20,23.5,0,长,大型,4,イギリス三連装16inch火砲(改)|標準型射撃管制レーダー,90,140,3.2,6,1,50|60|60|0,95|0|82|35,^CFFFFFFFF003041FF砲撃戦時に^C06FF91FF1B3516FF20%^CFFFFFFFF003041FFの確率で発動し、2人の敵に^C06FF91FF1B3516FF116%^CFFFFFFFF003041FFのダメージを与える。
1009,ロドニー,英国,5,战列,ネルソン級2番艦,76,89 | 109,82 | 102,0 | 0,47 | 77,0 | 0,16 | 43,23 | 48,45 | 101,20,23.5,2|2|2|2,长,大型,4,イギリス三連装16inch火砲(改)|ウォーラス,90,140,3.2,6,1,50|60|60|0,95|0|82|35,^CFFFFFFFF003041FF砲撃戦時に^C06FF91FF1B3516FF20%^CFFFFFFFF003041FFの確率で発動し、2人の敵に^C06FF91FF1B3516FF116%^CFFFFFFFF003041FFのダメージを与える。,^CFFFFFFFF003041FF攻撃する際の基礎攻撃力^C06FF91FF1B3516FF7%^CFFFFFFFF003041FF上昇し、攻撃された艦船の火力^C06FF91FF1B3516FF15^CFFFFFFFF003041FF点減少する。
1010,プリンス・オブ・ウェールズ,英国,6,战列,キング・ジョージ5世級2番艦,79,80 | 100,80 | 100,0 | 0,62 | 92,0 | 0,18 | 45,30 | 55,46 | 102,10,29,4|4|4|4,长,大型,4,イギリス14inch四連装砲|イギリス40mm八連装ポンポン砲|標準型射撃管制レーダー,90,140,4.2,8,1,50|60|60|0,85|0|80|57,^CFFFFFFFF003041FF艦隊内のアメリカ艦とイギリス艦の命中値を^C06FF91FF1B3516FF7^CFFFFFFFF003041FF増加させる。自身が旗艦の場合は、自身に2倍のbuff効果が得られる。,^CFFFFFFFF003041FF砲撃戦の時の基礎攻撃力^C06FF91FF1B3516FF4%^CFFFFFFFF003041FF上昇し、攻撃された艦船の回避及び装甲^C06FF91FF1B3516FF10^CFFFFFFFF003041FF点減少する。
1011,ネバダ,美国,4,战列,ネバダ級1番艦,72,70 | 90,73 | 93,0 | 0,67 | 97,0 | 0,15 | 42,19 | 44,44 | 100,30,21,3|3|3|3,长,大型,4,アメリカ14inch三連装砲|アメリカ5inch両用砲|ボフォース40mm対空機関砲（四連装）|エリコン20mm機関砲（二連装）,85,125,2.5,5.1,0.8,50|60|60|0,70|0|73|71,^CFFFFFFFF003041攻撃を受けた時に^C06FF91FF1B3516FF50%^CFFFFFFFF003041FFの確率で発動。その攻撃はクリティカルが発生しなくなり、ダメージが半減する。
1012,オクラホマ,美国,4,战列,ネバダ級2番艦,72,70 | 90,73 | 93,0 | 0,67 | 97,0 | 0,15 | 42,19 | 44,44 | 100,10,21,3|3|3|3,长,大型,4,アメリカ14inch三連装砲|アメリカ5inch両用砲|ボフォース40mm対空機関砲（四連装）|エリコン20mm機関砲（二連装）,85,125,2.5,5.1,0.8,50|60|60|0,70|0|73|71,^CFFFFFFFF003041攻撃を受けた時に^C06FF91FF1B3516FF50%^CFFFFFFFF003041FFの確率で発動。その攻撃はクリティカルが発生しなくなり、ダメージが半減する。
1013,アンドレア・ドーリア,意大利,6,战列,アンドレア・ドーリア級1番艦,64,64 | 89,64 | 89,0 | 0,35 | 70,0 | 0,13 | 40,30 | 63,46 | 102,20,27,3|3|3|3,长,大型,4,イタリア三連装320mm主砲|プリエーゼ式水面下防御システム,70,110,2.25,4.55,1,50|60|60|0,64|0|64|22,^CFFFFFFFF003041FF自身の運が^C06FF91FF1B3516FF15^CFFFFFFFF003041FF上昇する。攻撃時、運の最大^C06FF91FF1B3516FF80%^CFFFFFFFF003041FFを火力に加え、被攻撃時、運の最大^C06FF91FF1B3516FF80%^CFFFFFFFF003041FFを回避に加える。
1014,金剛,日本,4,战列,金剛型1番艦,68,71 | 96,58 | 73,0 | 0,37 | 67,0 | 0,18 | 45,37 | 72,44 | 100,15,30.3,3|3|3|3,长,大型,4,91式徹甲弾|三式弾,80,110,2.88,5.4,0.75,50|60|60|0,71|0|58|20,^CFFFFFFFF003041FF艦隊内日本の重巡、戦艦、巡戦、航戦、航巡の火力+^C06FF91FF1B3516FF8^CFFFFFFFF003041FF、命中+^C06FF91FF1B3516FF8^CFFFFFFFF003041FF。
1018,レナウン,英国,5,战巡,レナウン級1番艦,70,63 | 93,60 | 80,0 | 0,62 | 97,0 | 0,17 | 44,36 | 71,44 | 101,35,31.5,4|4|4|4,长,大型,4,イギリス二連装15inch火砲(改)|イギリス連装4.5inch高角砲,70,120,2.88,5.4,0.75,40|50|40|0,68|0|60|62,^CFFFFFFFF003041FFスタートエリアから離れるほど自身の戦闘力も高くなる。1マス進むごとに火力·装甲·対空·命中·回避·クリティカルが^C06FF91FF1B3516FF3^CFFFFFFFF003041FF上昇する。,^CFFFFFFFF003041FF初回砲撃で敵の大型艦船への攻撃を優先し、命中値が^C06FF91FF1B3516FF10^CFFFFFFFF003041FF上昇し、ダメージが^C06FF91FF1B3516FF20%^CFFFFFFFF003043FF上昇する。
1019,レパルス,英国,4,战巡,レナウン級2番艦,70,63 | 88,63 | 78,0 | 0,45 | 75,0 | 0,14 | 41,39 | 74,43 | 100,12,31.5,4|4|4|4,长,大型,4,イギリス二連装15inch火砲(改)|イギリス40mm八連装ポンポン砲,70,120,2.88,5.4,0.75,40|50|40|0,68|0|63|32,^CFFFFFFFF003041FF最終エリアから離れるほど自身の戦闘力も高くなる。1マス離れるごとに火力·装甲·対空·命中·回避·クリティカルが^C06FF91FF1B3516FF3^CFFFFFFFF003041FF上昇する。
1022,赤城,日本,6,航母,赤城型1番艦,79,0 | 40,36 | 61,0 | 0,32 | 62,0 | 0,50 | 77,35 | 57,41 | 102,10,31.2,20|20|36|10,短,大型,4,九七式艦攻(八〇番五号)|烈風,60,55,2.4,4.5,1,30|40|60|40,0|0|18|32,^CFFFFFFFF003041FF旗艦として出撃する場合、索敵成功後、敵の対空値が^C06FF91FF1B3516FF30%^CFFFFFFFF003041FF減少する。,^CFFFFFFFF003041FF航空戦フェーズで、艦攻を多く装備していた場合、艦攻の威力が^C06FF91FF1B3516FF25%^CFFFFFFFF003041FF上昇し、艦爆の威力が^C06FF91FF1B3516FF25%^CFFFFFFFF003041FF減少する。艦爆を多く装備していた場合、艦爆の威力が^C06FF91FF1B3516FF25%^CFFFFFFFF003041FF上昇し、艦攻の威力が^C06FF91FF1B3516FF25%^CFFFFFFFF003041FF減少する。
1026,アーガス,英国,4,轻母,アーガス級1番艦,38,0 | 25,15 | 35,0 | 0,33 | 63,0 | 0,40 | 78,24 | 47,37 | 95,20,20.7,8|12|8|0,短,中型,3,シーファイア|バラクーダ,20,30,0.96,1.8,0.75,20|30|50|20,2|0|8|33,^CFFFFFFFF003041FF艦隊内の空母の入手できるEXP^C06FF91FF1B3516FF6%^CFFFFFFFF003041FF上昇し、イギリス空母の入手できるEXPは^C06FF91FF1B3516FF10%^CFFFFFFFF003041FF上昇する。
1027,ラングレー,美国,4,轻母,ラングレー級1番艦,39,0 | 25,16 | 36,0 | 0,42 | 72,0 | 0,42 | 80,19 | 42,37 | 95,20,15,15|10|10|0,短,中型,3,FM-2|TBF,25,30,0.96,1.8,0.625,20|30|50|20,0|0|8|54,^CFFFFFFFF003041FF演習の際、艦隊内の空母の獲得できるEXP^C06FF91FF1B3516FF6%^CFFFFFFFF003041FF上昇し、アメリカ空母の獲得できるEXP，^C06FF91FF1B3516FF12%^CFFFFFFFF003041FF上昇する。
1028,レンジャー,美国,4,航母,レンジャー級1番艦,48,0 | 30,28 | 48,0 | 0,35 | 65,0 | 0,50 | 88,43 | 76,39 | 100,25,29.2,15|20|25|5,短,大型,4,エリコン20mm機関砲（二連装）|改良型対空レーダー,45,50,1.68,3.2,0.7,30|40|60|40,0|0|14|40,^CFFFFFFFF003041FF搭載されている雷撃機の威力が^50%^CFFFFFFFF003041FF減少するが、爆撃機の威力が^C06FF91FF1B3516FF25%^CFFFFFFFF003041FF増加する。
1029,レキシントン,美国,5,航母,レキシントン級1番艦,73,0 | 40,49 | 74,0 | 0,47 | 77,0 | 0,52 | 90,36 | 58,40 | 101,20,33.2,20|20|35|10,短,大型,4,アメリカ1.1inch四連装対空機銃|改良型対空レーダー,55,60,2.08,3.9,0.8,30|40|60|40,0|0|25|64,^CFFFFFFFF003041FF全フェーズで自身及び隣接している艦船の艦載機の威力が^C06FF91FF1B3516FF15%^CFFFFFFFF003041FF上昇する。
1030,サラトガ,美国,5,航母,レキシントン級2番艦,73,0 | 40,49 | 74,0 | 0,60 | 90,0 | 0,52 | 90,36 | 58,40 | 101,32,33.2,20|20|35|10,短,大型,4,SB2C|改良型対空レーダー,55,60,2.08,3.9,0.8,30|40|60|40,0|0|25|90,^CFFFFFFFF003041FF全フェーズで自身及び隣接している艦船の艦載機の威力が^C06FF91FF1B3516FF15%^CFFFFFFFF003041FF上昇する。,^CFFFFFFFF003041FF艦隊にサラトガ以外の空母、軽空母、装甲空母が編成される際、1隻ごとにサラトガの艦載機の性能が^C06FF91FF1B3516FF7%^CFFFFFFFF003041FF上昇する。
1032,高雄,日本,4,重巡,高雄型1番艦,55,45 | 70,38 | 53,32 | 72,28 | 58,0 | 0,20 | 58,43 | 89,40 | 97,10,35,2|2|2,中,中型,4,日本仮称20.3cm連装砲3号砲|零式水上偵察機|九二式61cm酸素魚雷四連装発射管(93,40,65,1.28,2.4,0.75,30|40|30|0,45|19|19|14,^CFFFFFFFF003041FF雷装値は^C06FF91FF1B3516FF36%^CFFFFFFFF003041FF上昇する。
1033,愛宕,日本,4,重巡,高雄型2番艦,55,45 | 70,38 | 53,32 | 72,28 | 58,0 | 0,20 | 58,43 | 89,40 | 97,10,35,2|2|2,中,中型,4,日本仮称20.3cm連装砲3号砲|零式水上偵察機|九二式61cm酸素魚雷四連装発射管(93,40,65,1.28,2.4,0.75,30|40|30|0,45|19|19|14,^CFFFFFFFF003041FF艦隊全体の雷装値が^C06FF91FF1B3516FF5%^CFFFFFFFF003041FF上昇し、索敵値は^C06FF91FF1B3516FF3^CFFFFFFFF003041FF上昇する。
1034,摩耶,日本,4,重巡,高雄型3番艦,55,43 | 68,37 | 52,32 | 72,37 | 67,0 | 0,20 | 58,43 | 89,40 | 97,10,35,2|2|2,中,中型,4,日本仮称20.3cm連装砲3号砲|九二式61cm酸素魚雷四連装発射管(93|日本八九式12.7cm連装高角砲|改良型対空レーダー,40,65,1.28,2.4,0.75,30|40|30|0,43|19|19|20,^CFFFFFFFF003041FF自身及び相隣の艦船の対空値が^C06FF91FF1B3516FF9^CFFFFFFFF003041FF上昇し、自身の雷装値が^C06FF91FF1B3516FF15%^CFFFFFFFF003043FF上昇する。
1035,鳥海,日本,4,重巡,高雄型4番艦,55,45 | 70,38 | 53,32 | 72,25 | 55,0 | 0,20 | 58,43 | 89,40 | 97,10,35,2|2|2,中,中型,4,日本仮称20.3cm連装砲3号砲|零式水上偵察機|九二式61cm酸素魚雷四連装発射管(93,40,65,1.28,2.4,0.75,30|40|30|0,45|19|19|13,^CFFFFFFFF003041FF鳥海が旗艦の場合、出撃艦隊中の重巡、軽巡、雷巡、駆逐艦の命中率が^C06FF91FF1B3516FF6^CFFFFFFFF003041FF上昇し、クリティカル率が^C06FF91FF1B3516FF6%^CFFFFFFFF003041FF上昇する。
1036,アドミラル・ヒッパー,德国,4,重巡,アドミラル・ヒッパー級1番艦,61,44 | 69,35 | 50,25 | 65,27 | 57,0 | 0,27 | 65,36 | 82,40 | 97,15,32.5,3|3|3|3,中,中型,4,ドイツ203mm連装砲|ドイツ37mm連装対空砲,35,65,1.28,2.64,0.75,30|40|30|0,44|13|21|14,^CFFFFFFFF003041FF砲撃戦時に^C06FF91FF1B3516FF30%^CFFFFFFFF003041FFの確率で発動し、敵艦隊内の駆逐艦を狙い、必中の攻撃を与える。
1037,ブリュッヒャー,德国,4,重巡,アドミラル・ヒッパー級2番艦,62,41 | 66,37 | 52,25 | 65,27 | 57,0 | 0,24 | 62,41 | 87,40 | 97,15,32.5,3|3|3|3,中,中型,4,ドイツ203mm連装砲|鉄の錨,35,65,1.28,2.64,0.75,30|40|30|0,41|13|22|14,^CFFFFFFFF003041FFクリティカル率と被クリティカル率が^C06FF91FF1B3516FF 40%^CFFFFFFFF003041FF上昇する。
1038,プリンツ・オイゲン,德国,6,重巡,アドミラル・ヒッパー級3番艦,69,36 | 61,45 | 70,20 | 55,35 | 65,0 | 0,24 | 68,36 | 82,42 | 99,35,32,3|3|3|3,中,中型,4,ドイツ203mm連装砲|付加装甲(中型),35,65,1.28,2.64,0.75,30|40|30|0,36|10|26|18,^CFFFFFFFF003041FF砲撃戦時に、^C06FF91FF1B3516FF50%^CFFFFFFFF003041FFの確率で隣りの水上艦への攻撃を代わりに受け、ダメージを^C06FF91FF1B3516FF80%^CFFFFFFFF003041FF軽減する（大破時は発動できない）。,^CFFFFFFFF003041FF艦隊の運が^C06FF91FF1B3516FF10^CFFFFFFFF003041FFごとに、自身の装甲値が^C06FF91FF1B3516FF1^CFFFFFFFF003041FF上昇し、運が^C06FF91FF1B3516FF10^CFFFFFFFF003041FFごとに、自身の火力値が^C06FF91FF1B3516FF1^CFFFFFFFF003043FF上昇する。
1039,ウィチタ,美国,5,重巡,ウィチタ級1番艦,46,43 | 78,32 | 52,0 | 0,53 | 93,0 | 0,24 | 62,37 | 83,42 | 98,20,33,2|2|2,中,中型,4,アメリカ三連装8inch火砲(MK12/|超重量弾,40,70,1.28,2.4,0.625,30|40|30|0,43|0|16|60,^CFFFFFFFF003041FFクリティカル率が^C06FF91FF1B3516FF16%^CFFFFFFFF003041FF上昇し、クリティカルダメージが30%増加する。
1040,クインシー,美国,4,重巡,ニューオーリンズ級6番艦,58,43 | 73,36 | 56,0 | 0,50 | 80,0 | 0,25 | 63,37 | 83,41 | 97,12,32.7,2|2|2|2,中,中型,4,アメリカ8inch三連装砲|ボフォース40mm対空機関砲（連装）|ボフォース40mm対空機関砲（四連装）,40,70,1.28,2.4,0.625,30|40|30|0,43|0|18|45,^CFFFFFFFF003041FF砲撃戦時に^C06FF91FF1B3516FF40%^CFFFFFFFF003041FFの確率で発動。敵に通常の^C06FF91FF1B3516FF1.4^CFFFFFFFF003041FF倍のダメージを与える。,^C06FF91FF1B3516FF砲撃戦で30%^CFFFFFFFF003041FFの確率で発動し、敵の旗艦を攻撃する。ダメージが^C06FF91FF1B3516FF15^CFFFFFFFF003041FF上昇し、必ず命中する。
1041,天龍,日本,3,轻巡,天龍型1番艦,38,16 | 46,12 | 32,28 | 73,23 | 53,28 | 72,10 | 32,46 | 85,36 | 95,17,33,0,中,中型,3,日本三年式14cm単装砲|日本八九式12.7cm連装高角砲,25,20,0.8,1.5,0.5,10|16|10|0,8|31|6|12,^CFFFFFFFF003041FF旗艦として遠征に派遣された場合は、獲得資源量が^C06FF91FF1B3516FF8%^^CFFFFFFFF003041FF増加する。
1042,龍田,日本,3,轻巡,天龍型2番艦,38,16 | 46,12 | 32,28 | 73,23 | 53,28 | 72,10 | 32,46 | 85,36 | 95,17,33,0,中,中型,3,日本三年式14cm単装砲,25,20,0.8,1.5,0.5,10|16|10|0,8|31|6|12,^CFFFFFFFF003041FF旗艦として遠征に派遣された場合は、大成功の確率が^C06FF91FF1B3516FF8%^CFFFFFFFF003041FF上昇する。
1043,北上,日本,5,雷巡,球磨型3番艦,35,16 | 36,13 | 33,60 | 120,25 | 55,2 | 2,10 | 21,40 | 78,38 | 97,20,36,0,中,中型,3,日本八九式12.7cm連装高角砲|九二式61cm酸素魚雷四連装発射管(93,25,100,0.8,1.5,0.75,40|36|50|0,16|94|7|0,^CFFFFFFFF003041FF先制雷撃を参加できるようになり、1体の敵に雷撃戦の^C06FF91FF1B3516FF110%^CFFFFFFFF003041FFのダメージを与える。,^CFFFFFFFF003041FF合体スキル、先制雷撃フェーズで合計3枚の魚雷を発射し、雷撃戦の^C06FF91FF1B3516FF80%^CFFFFFFFF003041FFのダメージを与え、命中された目標の回避が^C06FF91FF1B3516FF10^CFFFFFFFF003041FF減少する。
1044,大井,日本,5,雷巡,球磨型4番艦,35,16 | 36,13 | 33,60 | 120,25 | 55,2 | 2,10 | 21,40 | 78,38 | 97,10,36,0,中,中型,3,日本八九式12.7cm連装高角砲|九二式61cm酸素魚雷四連装発射管(93,25,100,0.8,1.5,0.75,40|36|50|0,16|94|7|0,^CFFFFFFFF003041FF先制雷撃を参加できるようになり、1体の敵に雷撃戦の^C06FF91FF1B3516FF110%^CFFFFFFFF003041FFのダメージを与える。,^CFFFFFFFF003041FF合体スキル、先制雷撃フェーズで合計3枚の魚雷を発射し、雷撃戦の^C06FF91FF1B3516FF80%^CFFFFFFFF003041FFのダメージを与え、命中された目標の回避が^C06FF91FF1B3516FF10^CFFFFFFFF003041FF減少する。
1045,五十鈴,日本,4,轻巡,長良型2番艦,40,18 | 48,13 | 33,35 | 80,38 | 68,50 | 94,12 | 34,48 | 87,37 | 96,12,36,1|1|1,中,中型,3,日本八九式12.7cm連装高角砲|九二式61cm酸素魚雷四連装発射管(93|標準型対空レーダー,25,25,0.8,1.5,0.5,10|16|10|0,9|38|7|21,^CFFFFFFFF003041FF搭載されている防空砲を対潜装備と見なし、対空値の^C06FF91FF1B3516FF80%^CFFFFFFFF003041FFを対潜値に加える。搭載されている対潜装備を防空砲とみなし、対潜値の^C06FF91FF1B3516FF80%^CFFFFFFFF003041FFを対空値に加える。
1046,夕張,日本,5,轻巡,夕張型1番艦,34,22 | 52,15 | 35,30 | 75,25 | 55,33 | 66,16 | 38,60 | 98,38 | 97,17,35.5,0,中,中型,4,日本三年式14cm単装砲|改良型エンジン,20,30,0.8,1.5,0.5,10|16|10|0,11|33|8|13,^CFFFFFFFF003041FF装備から得られる能力値が^C06FF91FF1B3516FF160%^CFFFFFFFF003041FFになる。
1047,ケーニヒスベルク,德国,4,轻巡,ケーニヒスベルク級1番艦,48,28 | 58,22 | 42,25 | 70,30 | 60,30 | 74,11 | 33,39 | 78,37 | 96,15,32.5,2|2|2,中,中型,3,ドイツ150mm三連装砲|レーダー警戒装置|ディーゼルエンジン,20,25,0.8,1.65,0.5,10|16|10|0,14|25|13|15,^CFFFFFFFF003041FF航速が同じ、或いは自分より遅い敵を攻撃する際、クリティカル率が^C06FF91FF1B3516FF12%^CFFFFFFFF003041FF上昇し、航速が自分より速い敵に攻撃される際、回避率が^C06FF91FF1B3516FF12%^CFFFFFFFF003041FF上昇する。
1048,カールスルーエ,德国,4,轻巡,ケーニヒスベルク級2番艦,48,28 | 58,22 | 42,25 | 70,30 | 60,30 | 74,11 | 33,39 | 78,37 | 96,15,32.5,2|2|2,中,中型,3,ドイツ150mm三連装砲|レーダー警戒装置|ディーゼルエンジン,20,25,0.8,1.65,0.5,10|16|10|0,14|25|13|15,^CFFFFFFFF003041FF航速が同じ、或いは自分より遅い敵を攻撃する際、クリティカル率が^C06FF91FF1B3516FF12%^CFFFFFFFF003041FF上昇し、航速が自分より速い敵に攻撃される際、回避率が^C06FF91FF1B3516FF12%^CFFFFFFFF003041FF上昇する。
1049,ケルン,德国,4,轻巡,ケーニヒスベルク級3番艦,48,28 | 58,22 | 42,25 | 70,33 | 63,33 | 77,12 | 34,39 | 78,37 | 96,18,32.5,2|2|2,中,中型,3,ドイツ150mm三連装砲|FI-265|ディーゼルエンジン,20,25,0.8,1.65,0.5,10|16|10|0,14|25|13|17,^CFFFFFFFF003041FF航速が同じ、或いは自分より遅い敵を攻撃する際、クリティカル率が^C06FF91FF1B3516FF12%^CFFFFFFFF003041FF上昇し、航速が自分より速い敵に攻撃される際、回避率が^C06FF91FF1B3516FF12%^CFFFFFFFF003041FF上昇する。
1050,シリアス,英国,6,轻巡,ダイドー級8番艦,40,32 | 67,26 | 51,20 | 65,70 | 110,55 | 110,18 | 29,41 | 81,39 | 98,24,32,0,中,中型,3,275射撃管制レーダー,25,30,1,1.9,0.55,10|16|10|0,20|20|13|79,^CFFFFFFFF003041FF火力が^C06FF91FF1B3516FF12^CFFFFFFFF003041FF上昇する。対空値が^C06FF91FF1B3516FF20^CFFFFFFFF003041FF上昇する。中型艦と小型艦を攻撃すると、^C06FF91FF1B3516FF35%^CFFFFFFFF003041FFの確率で^C06FF91FF1B3516FF1.5^CFFFFFFFF003041FF倍のダメージを与える。
1054,重慶,中国,4,轻巡,アリシューザ級4番艦,39,19 | 49,22 | 42,15 | 60,36 | 66,28 | 83,14 | 36,38 | 77,37 | 96,21,32,2|2|2,中,中型,3,イギリス6inch連装砲,20,30,0.8,1.5,0.5,10|16|10|0,10|15|11|18,^CFFFFFFFF003041FF受ける航空攻撃のダメージを^C06FF91FF1B3516FF80%^CFFFFFFFF003041FF減少させる。
1055,オマハ,美国,3,轻巡,オマハ級1番艦,43,28 | 58,18 | 38,18 | 63,40 | 70,28 | 72,12 | 29,40 | 79,36 | 95,20,35,2|2|2,中,中型,3,標準型射撃管制レーダー|ボフォース40mm対空機関砲（連装）,25,25,0.8,1.5,0.4,10|16|10|0,14|18|9|29,^CFFFFFFFF003041FF自身の索敵値を^C06FF91FF1B3516FF7^CFFFFFFFF003041FF増加させ、攻撃対象が軽巡·駆逐艦·潜水艦の場合は、命中率を^C06FF91FF1B3516FF7%^CFFFFFFFF003041FF上昇させる。
1056,アトランタ,美国,4,轻巡,アトランタ級1番艦,42,32 | 67,24 | 49,0 | 0,75 | 105,50 | 105,18 | 40,39 | 78,38 | 96,10,33.6,0,中,中型,3,アメリカ5inch両用砲|改良型射撃管制レーダー|先進型対空レーダー,25,30,0.8,1.5,0.4,10|16|10|0,16|0|12|84,^CFFFFFFFF003041FF自身及び隣接している艦の対空値が^C06FF91FF1B3516FF30^CFFFFFFFF003041FF増加する。
1058,オヒギンズ,智利,4,轻巡,ブルックリン級1番艦,48,36 | 71,30 | 55,0 | 0,47 | 77,25 | 80,17 | 39,39 | 78,38 | 96,15,31.5,4|4|4,中,中型,3,アメリカ6inch三連装砲|標準型対水上レーダー,30,35,0.8,1.5,0.4,10|16|10|0,18|0|15|35,^CFFFFFFFF003041FF砲撃戦時に^C06FF91FF1B3516FF40%^CFFFFFFFF003041FFの確率で発動。敵に通常の^C06FF91FF1B3516FF1.4^CFFFFFFFF003041FF倍のダメージを与える。
1059,ヘレナ,美国,5,轻巡,ブルックリン級9番艦,48,36 | 71,32 | 57,0 | 0,55 | 85,25 | 80,22 | 55,39 | 78,39 | 97,15,31.5,4|4|4,中,中型,3,アメリカ6inch三連装砲|改良型対水上レーダー,30,35,0.8,1.5,0.4,10|16|10|0,18|0|16|53,^CFFFFFFFF003041FF艦隊全員の索敵値と命中値が^C06FF91FF1B3516FF5^CFFFFFFFF003041FF増加する。,^CFFFFFFFF003041FF夜戦の時^C06FF91FF1B3516FF25%^CFFFFFFFF003041FFの確率で発動し、^C06FF91FF1B3516FF3^CFFFFFFFF003041FFつの敵に^C06FF91FF1B3516FF50%^CFFFFFFFF003041FFのダメージを与える。
1060,寧海,中国,5,轻巡,寧海級1番艦,35,18 | 48,19 | 39,21 | 66,24 | 54,20 | 75,13 | 35,32 | 71,38 | 97,25,23.2,1|1|1,中,中型,3,中国140mm連装砲|「寧海」艦上偵察機,15,20,0.64,1.2,0.5,10|16|10|0,9|21|10|12,^CFFFFFFFF003041FF寧海を艦隊に編入すると、戦闘終了後に得られる経験値が^C06FF91FF1B3516FF7%^CFFFFFFFF003041FF上昇する。
1061,平海,中国,5,轻巡,寧海級2番艦,35,18 | 48,19 | 39,21 | 66,10 | 40,20 | 75,13 | 35,30 | 69,38 | 97,25,21.3,0,中,中型,3,中国140mm連装砲|距離時計,15,20,0.64,1.2,0.5,10|16|10|0,9|21|10|5,^CFFFFFFFF003041FF隊列中で平海の下にいるすべての艦の命中値を^C06FF91FF1B3516FF7^CFFFFFFFF003041FF増加させる。
1062,ロバーツ,英国,4,重炮,ロバーツ級1番艦,48,46 | 76,42 | 62,0 | 0,29 | 59,0 | 0,12 | 34,16 | 51,37 | 93,20,12.2,0,长,小型,3,イギリス二連装15inch火砲(改)|イギリス40mm八連装ポンポン砲,15,30,0.64,1.2,0.5,20|20|30|0,51|0|42|0,^CFFFFFFFF003041FF火力値が^C06FF91FF1B3516FF25%^CFFFFFFFF003041FF上昇し、命中値が^C06FF91FF1B3516FF10^CFFFFFFFF003041FF上昇する。自身航速が低いほど上昇値が大きくなる。火力値が最大^C06FF91FF1B3516FF50%^CFFFFFFFF003041FF上昇し、命中値が最大^C06FF91FF1B3516FF20^CFFFFFFFF003043FF上昇する。
1063,アバークロンビー,英国,4,重炮,ロバーツ級2番艦,48,46 | 76,42 | 62,0 | 0,29 | 59,0 | 0,12 | 34,16 | 51,37 | 93,18,12.2,0,长,小型,3,イギリス二連装15inch火砲(改)|イギリス40mm八連装ポンポン砲,15,30,0.64,1.2,0.5,20|20|30|0,51|0|42|0,^CFFFFFFFF003041FF火力値が^C06FF91FF1B3516FF25%^CFFFFFFFF003041FF上昇し、命中値が^C06FF91FF1B3516FF10^CFFFFFFFF003041FF上昇する。自身航速が低いほど上昇値が大きくなる。火力値が最大^C06FF91FF1B3516FF50%^CFFFFFFFF003041FF上昇し、命中値が最大^C06FF91FF1B3516FF20^CFFFFFFFF003043FF上昇する。
1064,吹雪,日本,4,驱逐,吹雪型1番艦,30,12 | 37,12 | 37,36 | 91,16 | 46,20 | 64,7 | 40,53 | 97,33 | 93,17,37,0,短,小型,3,日本三年式12.7cm連装砲|九零式61cm酸素魚雷三連装発射管(93,15,20,0.48,0.9,0.5,4|8|6|0,0|39|12|0,^CFFFFFFFF003041FF自身の雷装攻撃のクリティカル率が^C06FF91FF1B3516FF30%^CFFFFFFFF003041FF上昇し、編成に特型駆逐艦が4隻或いは4隻以上の場合、全ての特型駆逐艦の雷装、命中、回避が^C06FF91FF1B3516FF7^CFFFFFFFF003041FF上昇する。
1065,白雪,日本,3,驱逐,吹雪型2番艦,30,12 | 37,12 | 37,36 | 91,16 | 46,20 | 64,7 | 40,53 | 97,32 | 92,10,37,0,短,小型,3,日本三年式12.7cm連装砲|九零式61cm酸素魚雷三連装発射管(93,15,20,0.48,0.9,0.5,4|8|6|0,0|39|12|0,^CFFFFFFFF003041FF砲撃戦段階^C06FF91FF1B3516FF50%^CFFFFFFFF003041FFの確率で艦隊内の特型駆逐艦の代わりに攻撃を受け、ダメージを無効化する。旗艦が吹雪の場合、自身と吹雪の装甲値は^C06FF91FF1B3516FF8点^CFFFFFFFF003041FF上昇する。
1066,初雪,日本,3,驱逐,吹雪型3番艦,30,12 | 37,12 | 37,36 | 91,16 | 46,20 | 64,7 | 40,53 | 97,32 | 92,9,37,0,短,小型,3,日本三年式12.7cm連装砲|九零式61cm酸素魚雷三連装発射管(93,15,20,0.48,0.9,0.5,4|8|6|0,0|39|12|0,^CFFFFFFFF003041FF自身の火力値が^C06FF91FF1B3516FF10^CFFFFFFFF003041FF上昇する代わりに、魚雷と回避が^C06FF91FF1B3516FF5^CFFFFFFFF003041FF減少する。砲撃戦の際、^C06FF91FF1B3516FF30%^CFFFFFFFF003041FFの確率で水上目標(空母優先)に特別攻撃を行い、火力値の^C06FF91FF1B3516FF100%^CFFFFFFFF003041FFの必中ダメージを与える(大破状態発動できない)
1067,深雪 ,日本,3,驱逐,吹雪型4番艦,30,12 | 37,12 | 37,36 | 91,16 | 46,20 | 64,7 | 40,48 | 92,32 | 92,10,37,0,短,小型,3,日本三年式12.7cm連装砲|九零式61cm酸素魚雷三連装発射管(93,15,20,0.48,0.9,0.5,4|8|6|0,0|39|12|0,^CFFFFFFFF003041FF雷装^C06FF91FF1B3516FF+30^CFFFFFFFF003041FF、回避^C06FF91FF1B3516FF+15^CFFFFFFFF003041FF、砲撃戦で^C06FF91FF1B3516FF35%^CFFFFFFFF003041FFの確率で砲撃が雷撃に変わり、^CFFFFFFFF003041FFクリティカル率が^C06FF91FF1B3516FF30%^CFFFFFFFF003041FF上昇する。スキル発動後、雷撃戦フェーズに参加できず、戦闘が終わるまで回避^C06FF91FF1B3516FF-15^CFFFFFFFF003041FF
1068,暁,日本,4,驱逐,暁型1番艦,30,12 | 37,13 | 38,36 | 91,13 | 43,25 | 69,7 | 34,53 | 97,33 | 93,12,38,0,短,小型,3,日本三年式12.7cm連装砲|九零式61cm酸素魚雷三連装発射管(93,15,20,0.48,0.9,0.5,4|8|6|0,0|39|13|0,^CFFFFFFFF003041FF夜戦においては、艦隊全員の命中値を^C06FF91FF1B3516FF10^CFFFFFFFF003041FF増加させ、自身が攻撃を受ける確率が^C06FF91FF1B3516FF40%^CFFFFFFFF003041FF上がる。
1069,ヴェールヌイ,苏联,4,驱逐,暁型2番艦,35,13 | 38,15 | 40,25 | 80,18 | 48,30 | 74,6 | 33,53 | 97,33 | 93,25,38,0,短,小型,3,ソ連二連装130mm火砲|ソ連BMB型爆雷投射機,15,20,0.48,0.9,0.5,4|8|6|0,0|25|15|0,^CFFFFFFFF003041FF自身及び隣接している上の艦船の装甲·対空·回避が^C06FF91FF1B3516FF12^CFFFFFFFF003043FF増加する。
1070,雷,日本,4,驱逐,暁型3番艦,30,12 | 37,13 | 38,36 | 91,13 | 43,25 | 69,7 | 40,53 | 97,33 | 93,12,38,0,短,小型,3,日本三年式12.7cm連装砲|九零式61cm酸素魚雷三連装発射管(93,15,20,0.48,0.9,0.5,4|8|6|0,0|39|13|0,^CFFFFFFFF003041FF雷撃戦と夜戦時のクリティカル率が^C06FF91FF1B3516FF28%^CFFFFFFFF003041FF上昇する。
1071,電,日本,4,驱逐,暁型4番艦,30,12 | 37,13 | 38,36 | 91,13 | 43,25 | 69,7 | 40,53 | 97,33 | 93,10,38,0,短,小型,3,日本三年式12.7cm連装砲|九零式61cm酸素魚雷三連装発射管(93,15,20,0.48,0.9,0.5,4|8|6|0,0|39|13|0,^CFFFFFFFF003041FF砲撃戦時に^C06FF91FF1B3516FF35%^CFFFFFFFF003041FFの確率で発動。装甲を無視し、攻撃対象の残り耐久値の^C06FF91FF1B3516FF50%^CFFFFFFFF003041FFをダメージとして与える（この攻撃は必中で、大破時は発動できない）。
1072,綾波,日本,4,驱逐,綾波型1番艦,30,15 | 40,13 | 38,40 | 95,18 | 48,20 | 64,8 | 41,53 | 97,33 | 93,10,38,0,短,小型,3,日本三年式12.7cm連装砲|九零式61cm酸素魚雷三連装発射管(93,15,20,0.48,0.9,0.5,4|8|6|0,0|43|13|0,^CFFFFFFFF003041FF夜戦においては、火力·雷装·命中·回避が^C06FF91FF1B3516FF30%^CFFFFFFFF003041FF上昇し、そして自身の損傷による火力減少を無視する。
1073,敷波,日本,3,驱逐,綾波型2番艦,30,12 | 37,13 | 38,36 | 91,18 | 48,20 | 64,7 | 40,53 | 97,32 | 92,10,38,0,短,小型,3,日本三年式12.7cm連装砲|九零式61cm酸素魚雷三連装発射管(93,15,20,0.48,0.9,0.5,4|8|6|0,0|39|13|0,^CFFFFFFFF003041FF雷撃戦と夜戦時のクリティカル率が^C06FF91FF1B3516FF28%^CFFFFFFFF003041FF上昇する。
1074,Z 1,德国,4,驱逐,1934型1番艦,38,13 | 38,15 | 40,24 | 79,16 | 46,22 | 66,8 | 35,48 | 92,33 | 93,15,38.2,0,短,小型,3,ドイツ127mm単装砲|G7a魚雷,10,20,0.48,0.99,0.5,4|8|6|0,0|24|17|0,^CFFFFFFFF003041FF艦隊内の全Z型駆逐艦の火力·雷装·対潜値を^C06FF91FF1B3516FF11%^CFFFFFFFF003041FF増加させる。
1075,Z 16,德国,4,驱逐,1934A型11番艦,38,13 | 38,15 | 40,24 | 79,16 | 46,22 | 66,6 | 33,48 | 92,33 | 93,10,38.2,0,短,小型,3,ドイツ127mm単装砲|G7a魚雷,10,20,0.48,0.99,0.5,4|8|6|0,0|24|17|0,^CFFFFFFFF003041FF艦隊内の全Z型駆逐艦の命中値を^C06FF91FF1B3516FF10^CFFFFFFFF003041FF増加させる。
1080,Z 31,德国,4,驱逐,1936AM型1番艦,42,15 | 40,18 | 43,24 | 79,16 | 46,22 | 66,6 | 33,46 | 90,33 | 93,10,36,0,短,小型,3,ドイツ150mm連装砲|四連装533mm魚雷|レーダー警戒装置,10,20,0.48,0.99,0.5,4|8|6|0,0|24|20|0,^CFFFFFFFF003041FF艦隊内のZ型駆逐艦（自身も含め）の数に応じて複数の能力が上昇する。1隻ごとに1種類の能力が装甲·火力·雷装·回避·命中·対空の順に、それぞれ^C06FF91FF1B3516FF20%^CFFFFFFFF003041FF上昇する。
1081,アメジスト,英国,4,驱逐,F116,28,12 | 37,8 | 33,10 | 65,30 | 60,50 | 94,7 | 34,43 | 87,33 | 93,13,20,0,短,小型,3,ヘッジホッグ,10,25,0.48,0.9,0.5,4|8|6|0,3|10|8|0,^CFFFFFFFF003041FF被攻撃率が^C06FF91FF1B3516FF 22%^CFFFFFFFF003041FF上昇し、回避率が^C06FF91FF1B3516FF11%^CFFFFFFFF003041FF上昇する。
1082,グローウォーム,英国,4,驱逐,G級4番艦,29,13 | 38,17 | 47,24 | 79,20 | 50,33 | 77,7 | 34,46 | 90,33 | 93,8,36,0,短,小型,3,付加装甲(小型)|発煙筒,10,25,0.48,0.9,0.5,4|8|6|0,3|24|17|0,^CFFFFFFFF003041FF砲撃戦時に^C06FF91FF1B3516FF40%^CFFFFFFFF003041FFの確率で発動。攻撃対象に自身装甲値の^C06FF91FF1B3516FF80%^CFFFFFFFF003041FFの固定ダメージを与える。
1083,ジャベリン,英国,3,驱逐,J級8番艦,29,15 | 40,12 | 37,24 | 79,25 | 55,33 | 77,7 | 34,46 | 90,32 | 92,15,36,0,短,小型,3,イギリス4.7inch連装砲|先進型爆雷投射機,10,25,0.48,0.9,0.5,4|8|6|0,3|24|12|0,^CFFFFFFFF003041FF最大耐久値が^CFFFFFFFF003041FF11^CFFFFFFFF003041FF上昇し、戦闘中に一度だけ致命的な攻撃を耐えることができる。
1084,ジュノー,英国,3,驱逐,J級4番艦,29,15 | 40,12 | 37,24 | 79,25 | 55,33 | 77,7 | 34,47 | 91,32 | 92,10,36,0,短,小型,3,イギリス4.7inch連装砲|先進型爆雷投射機,10,25,0.48,0.9,0.5,4|8|6|0,3|24|12|0,^CFFFFFFFF003041FF攻撃対象が潜水艦の時、命中率を^C06FF91FF1B3516FF 30%^CFFFFFFFF003041FF上げる。雷撃に対して、回避率が^C06FF91FF1B3516FF 30%^CFFFFFFFF003041FF上昇する。
1085,ジャッカル,英国,4,驱逐,J級2番艦,29,15 | 40,13 | 38,24 | 79,25 | 55,33 | 77,7 | 34,46 | 90,33 | 93,10,36,0,短,小型,3,イギリス4.7inch連装砲|先進型爆雷投射機,10,25,0.48,0.9,0.5,4|8|6|0,3|24|13|0,^CFFFFFFFF003041FF砲撃戦時、^C06FF91FF1B3516FF50%^CFFFFFFFF003041FFの確率で自身の上の艦への攻撃を引き受け、ダメージを無効化する。（このスキルは各戦闘中に一度だけ発動し、大破時は発動できない）
1086,コサック,英国,3,驱逐,トライバル級4番艦,32,21 | 46,15 | 40,22 | 77,30 | 60,45 | 89,10 | 37,45 | 89,32 | 92,15,35.5,0,短,小型,3,改良型爆雷投射機|改良型ソナー,10,25,0.48,0.9,0.5,4|8|6|0,3|22|15|0,^CFFFFFFFF003041FF昼戦の全フェーズで対応位置敵艦をロックオンし攻撃する。砲撃戦で^C06FF91FF1B3516FF35%^CFFFFFFFF003041FFの確率で必中な攻撃を発動し、^C06FF91FF1B3516FF20^CFFFFFFFF003041FFの追加ダメージを与える。
1088,パンジャビ,英国,3,驱逐,トライバル級12番艦,32,21 | 46,15 | 40,22 | 77,32 | 62,45 | 89,10 | 37,45 | 89,32 | 92,10,35.5,0,短,小型,3,イギリス4.7inch連装砲|改良型爆雷投射機,10,25,0.48,0.9,0.5,4|8|6|0,3|22|15|0,^CFFFFFFFF003041FF隣接している艦船の回避+^C06FF91FF1B3516FF20^CFFFFFFFF003041FF、自身の対潜+^C06FF91FF1B3516FF20^CFFFFFFFF003041FF。
1089,フレッチャー,美国,4,驱逐,DD-445,32,16 | 41,14 | 39,28 | 83,50 | 80,40 | 84,10 | 37,43 | 91,33 | 93,22,37,0,短,小型,3,五連装533mm魚雷(MK17)|改良型射撃管制レーダー,15,25,0.48,0.9,0.4,4|8|6|0,0|28|14|20,^CFFFFFFFF003041FF図鑑に登録したフレッチャー級駆逐艦の数量に応じて、1隻ごとに、自身の火力、装甲、対空、命中、回避、雷装、運及び対潜ステータスが^C06FF91FF1B3516FF1^CFFFFFFFF003041FF上昇する。
1093,ギアリング,美国,4,驱逐,DD-710,35,18 | 43,15 | 40,28 | 83,45 | 75,40 | 84,10 | 43,42 | 86,33 | 93,20,35,0,短,小型,3,アメリカ5inch両用砲|五連装533mm魚雷(MK17)|改良型射撃管制レーダー,15,25,0.48,0.9,0.4,4|8|6|0,0|28|15|15,^CFFFFFFFF003041FF索敵値8増加し、火力と対空は索敵値の^C06FF91FF1B3516FF60%^CFFFFFFFF003041FF増加する。
1097,長春,中国,5,导驱,6607型3番艦,33,17 | 42,15 | 40,1 | 1,30 | 60,0 | 0,15 | 42,45 | 89,42 | 101,25,39,8|8|8|0,短,小型,3,SY-1ミサイル発射装置|SY-1ミサイル,25,65,0.48,1.5,0.8,8|12|10|16,17|1|15|30,^CFFFFFFFF003041FFダメージが^C06FF91FF1B3516FF10%^CFFFFFFFF003041FF上昇し、命中値が^C06FF91FF1B3516FF10^CFFFFFFFF003041FF上昇する。演習で入手する経験値が^C06FF91FF1B3516FF10%^CFFFFFFFF003041FF上昇する。
1098,ヴォークラン,法国,3,驱逐,ヴォークラン級1番艦,35,15 | 40,7 | 32,22 | 77,15 | 45,32 | 76,10 | 37,50 | 94,32 | 92,10,40,0,短,小型,3,三連装550mm酸素魚雷|改良型エンジン,10,20,0.48,0.9,0.5,4|8|6|0,0|22|7|0,^CFFFFFFFF003041FF自身及び相隣の二隻の駆逐艦の火力が^C06FF91FF1B3516FF7^CFFFFFFFF003041FF、雷装が^C06FF91FF1B3516FF6^CFFFFFFFF003041FF上昇し、魚雷攻撃を受ける時の回避が^C06FF91FF1B3516FF35%^CFFFFFFFF003041FF上昇する。
1099,ル・ファンタスク,法国,6,驱逐,ル・ファンタスク級1番艦,37,15 | 40,9 | 34,25 | 80,30 | 60,40 | 84,12 | 39,70 | 125,35 | 95,10,45,0,中,小型,3,フランス138mm単装砲|先進型エンジン,40,25,0.64,1.2,0.5,4|8|6|0,0|25|9|0,^CFFFFFFFF003041FF攻撃を受けた時、^C06FF91FF1B3516FF25%^CFFFFFFFF003041FFの確率でダメージを無効化する。
1105,ヴァンガード,英国,6,战列,ヴァンガード級1番艦,90,76 | 96,81 | 101,0 | 0,85 | 115,0 | 0,23 | 50,31 | 56,46 | 102,15,30,3|3|3|3,长,大型,4,イギリス二連装15inch火砲(改)|275射撃管制レーダー|R-4|化粧台,90,140,4.2,8,1,50|60|60|0,81|0|81|92,^CFFFFFFFF003041FF1マス進むごとに装甲·対空·命中·回避が^C06FF91FF1B3516FF3^CFFFFFFFF003041FF上昇する。演習時、5マス目とみなし、獲得経験が^C06FF91FF1B3516FF9%^CFFFFFFFF003041FF上昇する。
1106,テネシー,美国,4,战列,テネシー級1番艦,75,80 | 100,76 | 96,0 | 0,66 | 96,0 | 0,20 | 47,20 | 44,44 | 100,20,21,4|4|4|4,长,大型,4,アメリカ三連装14inch主砲(改)|先進型射撃管制レーダー,85,125,2.5,5.1,0.8,50|60|60|0,80|0|76|69,^CFFFFFFFF003041FFT字有利の場合、自身の基本火力値が^C06FF91FF1B3516FF40%^CFFFFFFFF003041FF上昇し、基本命中値が^C06FF91FF1B3516FF40%^CFFFFFFFF003041FF上昇する。
1108,コロラド,美国,5,战列,コロラド級1番艦,82,85 | 105,76 | 96,0 | 0,62 | 92,0 | 0,18 | 45,20 | 45,45 | 101,22,21,4|4|4|4,长,大型,4,アメリカ二連装16inch火砲(改)|ボフォース40mm対空機関砲（四連装）|先進型対空レーダー,95,140,3.2,6,0.8,50|60|60|0,85|0|76|63,^CFFFFFFFF003041FF砲撃戦時に^C06FF91FF1B3516FF20%^CFFFFFFFF003041FFの確率で発動し、2人の敵に^C06FF91FF1B3516FF116%^CFFFFFFFF003041FFのダメージを与える。
1109,メリーランド,美国,5,战列,コロラド級2番艦,82,85 | 105,76 | 96,0 | 0,68 | 98,0 | 0,18 | 45,20 | 45,45 | 101,20,21,4|4|4|4,长,大型,4,アメリカ二連装16inch火砲(改)|先進型射撃管制レーダー,95,140,3.2,6,0.8,50|60|60|0,85|0|76|73,^CFFFFFFFF003041FF損傷程度により、攻撃力は最大^C06FF91FF1B3516FF21%^CFFFFFFFF003041FF上昇する。,^CFFFFFFFF003041FF砲撃戦時に^C06FF91FF1B3516FF20%^CFFFFFFFF003041FFの確率で発動し、2人の敵に^C06FF91FF1B3516FF116%^CFFFFFFFF003041FFのダメージを与える。
1110,ウェストバージニア,美国,5,战列,コロラド級3番艦,82,87 | 107,80 | 100,0 | 0,72 | 102,0 | 0,20 | 47,20 | 45,45 | 101,22,21,3|3|3|3,长,大型,4,先進型射撃管制レーダー|アメリカ二連装16inch火砲(改)|ボフォース40mm対空機関砲（四連装）|先進型対空レーダー,95,140,3.2,6,0.8,50|60|60|0,87|0|80|79,^CFFFFFFFF003041FF旗艦スキル、自身が攻撃される確率が^C06FF91FF1B3516FF30%^CFFFFFFFF003041FF減少する。砲撃戦フェーズで艦隊内の航速26以下の戦艦、航戦、巡戦、砲艦を強化する：攻撃時、敵の装甲を^C06FF91FF1B3516FF20%^CFFFFFFFF003041FFの減少させ、T不利の場合、火力が^C06FF91FF1B3516FF50%^CFFFFFFFF003041FF上昇する。,^CFFFFFFFF003041FF自身のクリティカル率が^C06FF91FF1B3516FF20%^CFFFFFFFF003041FF上昇し、耐久が^C06FF91FF1B3516FF5^CFFFFFFFF003041FFを減少するごとに、砲撃戦で^C06FF91FF1B3516FF10^CFFFFFFFF003041FFの追加ダメージを与えることができ、最大^C06FF91FF1B3516FF80^CFFFFFFFF003041FFの追加ダメージを与えることができる。（雷撃戦では無効）
1111,ワシントン,美国,6,战列,ノースカロライナ級2番艦,79,95 | 115,77 | 97,0 | 0,75 | 105,0 | 0,24 | 51,32 | 60,46 | 102,20,28,3|3|3|3,长,大型,4,アメリカ16inch三連装砲（MK6）|先進型射撃管制レーダー|超重量弾,95,140,4.2,8,0.8,50|60|60|0,95|0|77|84,^CFFFFFFFF003041FF旗艦として出撃すると、艦隊内のアメリカ艦船の回避値が^C06FF91FF1B3516FF10^CFFFFFFFF003041FF上昇し、砲撃戦での火力値及び命中値が^C06FF91FF1B3516FF10^CFFFFFFFF003041FF上昇する。
1112,ヴィットリオ・ヴェネト,意大利,6,战列,ヴィットリオ・ヴェネト級1番艦,80,93 | 113,84 | 104,0 | 0,40 | 70,0 | 0,19 | 41,38 | 63,46 | 102,20,31,3|3|3|3,长,大型,4,イタリア3連装381mm主砲(改)|プリエーゼ式水面下防御システム,90,130,4.2,8,1.1,50|60|60|0,93|0|84|24,^CFFFFFFFF003041FF火力が^C06FF91FF1B3516FF20^CFFFFFFFF003041FF上昇し、命中が^C06FF91FF1B3516FF6^CFFFFFFFF003041FF減少する。戦闘中の最初1回の受ける攻撃を無効化する（命中するか否かを問わず）。
1113,リシュリュー,法国,6,战列,リシュリュー級1番艦,83,85 | 110,88 | 108,0 | 0,72 | 102,0 | 0,19 | 46,34 | 58,46 | 102,30,32,0,长,大型,4,フランス四連装380mm主砲|ボフォース40mm対空機関砲（四連装）|フランスDRBC射撃管制レーダー,90,130,4.2,8,1,50|60|60|0,85|0|88|72,^CFFFFFFFF003041FF自身の命中が^C06FF91FF1B3516FF5^CFFFFFFFF003041FF上昇し、回避が^C06FF91FF1B3516FF5^CFFFFFFFF003041FF上昇する。反航戦の場合、敵に与えるダメージが^C06FF91FF1B3516FF35%^CFFFFFFFF003041FF上昇し、T不利の場合、敵に与えるダメージが^C06FF91FF1B3516FF70%^CFFFFFFFF003041FF上昇する。
1117,大鳳,日本,6,装母,大鳳型1番艦,82,0 | 40,60 | 85,0 | 0,47 | 77,0 | 0,55 | 82,36 | 66,36 | 97,6,33,20|25|15|12,短,大型,4,景雲改|流星|零戦五二型|対空噴進砲,70,65,2.88,5.4,1,20|20|40|10,0|0|30|58,^CFFFFFFFF003041FF編成ページ後方の^C06FF91FF1B3516FF3^CFFFFFFFF003041FF隻の空母類艦船（軽空母、正規空母、装甲空母）の回避値が^C06FF91FF1B3516FF6^CFFFFFFFF003041FF上昇し、次回砲撃を参加できるようになる。ただし、次回砲撃のダメージは^C06FF91FF1B3516FF50%^CFFFFFFFF003041FF低下する。
1123,ボーグ,美国,4,轻母,ボーグ級1番艦,50,0 | 30,17 | 37,0 | 0,43 | 73,0 | 0,40 | 67,20 | 46,37 | 95,26,16.5,16|12|4|0,短,中型,3,FM-2|TBM-3,30,35,1.12,2.1,0.8,20|30|50|20,0|0|9|56,^CFFFFFFFF003041FF敵全種類の潜水艦の命中値^C06FF91FF1B3516FF8^CFFFFFFFF003041FF及び回避値^C06FF91FF1B3516FF5^CFFFFFFFF003041FFを減少させる。
1124,チェイサー,英国,5,轻母,アタッカー級3番艦,50,0 | 30,17 | 37,0 | 0,40 | 70,5 | 16,40 | 67,20 | 46,38 | 96,25,16.5,16|12|4|0,短,中型,3,アヴェンジャー,30,35,1.28,2.4,0.75,20|30|50|20,3|0|9|44,^CFFFFFFFF003041FF敵全種類の潜水艦の命中値^C06FF91FF1B3516FF8^CFFFFFFFF003041FF及び回避値^C06FF91FF1B3516FF5^CFFFFFFFF003041FFを減少させる。
1125,アローマンシュ,法国,5,轻母,コロッサス級1番艦,55,0 | 35,21 | 41,0 | 0,55 | 85,0 | 0,45 | 72,38 | 61,37 | 95,27,25,15|23|8|0,短,中型,3,SO.8000,50,50,1.15,2.2,0.65,20|30|50|20,0|0|11|74,^CFFFFFFFF003042FF搭載している攻撃機の対潜が^C06FF91FF1B3516FF8^CFFFFFFFF003041FF上昇し、爆撃機の爆装が^C06FF91FF1B3516FF8^CFFFFFFFF003041FF上昇する。
1126,プリンストン,美国,4,轻母,インディペンデンス級2番艦,51,0 | 30,23 | 43,0 | 0,52 | 82,0 | 0,45 | 72,40 | 63,37 | 95,10,31,10|19|10|0,短,中型,3,TBM-3|F6F|先進型対空レーダー,30,35,1.12,2.1,0.625,20|30|50|20,0|0|12|74,^CFFFFFFFF003041FF艦載戦闘機の対空^C06FF91FF1B3516FF+30%^CFFFFFFFF003041FF、戦闘中、艦載攻撃機の威力^C06FF91FF1B3516FF+15%^CFFFFFFFF003041FF。
1130,アドミラル・グラーフ・シュペー,德国,5,战巡,ドイッチュラント級3番艦,62,52 | 77,38 | 58,18 | 48,29 | 59,0 | 0,20 | 47,31 | 66,44 | 95,10,27.5,2|2|2,长,大型,4,ドイツ283mm三連装砲|ディーゼルエンジン|レーダー警戒装置,35,80,1.28,2.64,0.75,40|50|40|0,52|0|41|15,^CFFFFFFFF003041FF航速が同じ、或いは自分より遅い敵を攻撃する際、クリティカル率が^C06FF91FF1B3516FF12%^CFFFFFFFF003041FF上昇し、航速が自分より速い敵に攻撃される際、回避率が^C06FF91FF1B3516FF12%^CFFFFFFFF003041FF上昇する。,^CFFFFFFFF003041FF砲撃戦の際、^C06FF91FF1B3516FF20%^CFFFFFFFF003041FFの確率で2隻の敵を攻撃し、目標が中型或いは小型の場合、^C06FF91FF1B3516FF120%^CFFFFFFFF003041FFのダメージを与える。
1131,古鷹,日本,4,重巡,古鷹型1番艦,46,32 | 57,34 | 49,28 | 68,27 | 57,0 | 0,15 | 53,43 | 87,40 | 97,13,35,2|2|2,中,中型,4,日本仮称20.3cm連装砲3号砲|九二式61cm酸素魚雷四連装発射管(93,40,65,1.28,2.4,0.75,30|40|30|0,32|17|17|14,^CFFFFFFFF003041FF砲撃戦段階で、^C06FF91FF1B3516FF50%^CFFFFFFFF003041FFの確率で旗艦の代わりにダメージを受け、またダメージが^C06FF91FF1B3516FF80%^CFFFFFFFF003041FF軽減される（大破の場合と自身が旗艦である場合、発動できない）。
1132,加古,日本,4,重巡,古鷹型2番艦,46,32 | 57,34 | 49,28 | 68,27 | 57,0 | 0,15 | 49,43 | 87,40 | 97,15,35,2|2|2|2,中,中型,4,日本仮称20.3cm連装砲3号砲|九二式61cm酸素魚雷四連装発射管(93,40,65,1.28,2.4,0.75,30|40|30|0,32|17|17|14,^CFFFFFFFF003041FF艦隊内の巡洋艦（自身を含む）1隻ごとに、自身の火力値が^C06FF91FF1B3516FF6^CFFFFFFFF003041FF上昇し、雷装が^C06FF91FF1B3516FF6^CFFFFFFFF003041FF上昇する。
1133,青葉,日本,4,重巡,青葉型1番艦,47,32 | 57,34 | 49,28 | 68,29 | 59,0 | 0,11 | 49,40 | 86,40 | 97,20,35,2|2|2,中,中型,4,日本仮称20.3cm連装砲3号砲|九二式61cm酸素魚雷四連装発射管(93,40,65,1.28,2.4,0.75,30|40|30|0,32|17|17|15,^CFFFFFFFF003041FF敵にクインシーがいない場合、雷撃戦段階で^C06FF91FF1B3516FF35%^CFFFFFFFF003041FFの確率で旗艦を攻撃する。自身の基本雷装が^C06FF91FF1B3516FF20^CFFFFFFFF003041FF上昇する。敵にクインシーがいる場合、優先的に攻撃する。
1135,ロンドン,英国,4,重巡,ロンドン級1番艦,60,40 | 65,35 | 50,20 | 60,49 | 79,0 | 0,25 | 63,37 | 83,40 | 97,13,32.5,0,中,中型,4,イギリス二連装8inch火砲|改良型対水上レーダー,35,70,1.28,2.4,0.75,30|40|30|0,44|10|18|38,^C06FF91FF1B3516FF30%^CFFFFFFFF003041FFの確率で発動し、5以上の被ダメージを5にする。
1136,ケント,英国,4,重巡,ケント級1番艦,59,39 | 64,30 | 45,20 | 60,45 | 75,0 | 0,24 | 62,36 | 82,40 | 97,15,32.5,0,中,中型,4,イギリス二連装8inch火砲|標準型射撃管制レーダー|凶暴な虎,35,70,1.28,2.4,0.75,30|40|30|0,43|10|15|32,^C06FF91FF1B3516FF30%^CFFFFFFFF003041FFの確率で発動し、5以上の被ダメージを5にする。
1137,ポートランド,美国,4,重巡,ポートランド級1番艦,52,43 | 73,35 | 55,0 | 0,56 | 86,0 | 0,25 | 53,37 | 83,41 | 97,23,32.7,0,中,中型,4,アメリカ8inch三連装砲|先進型対空レーダー,40,70,1.28,2.4,0.625,30|40|30|0,43|0|18|54,^CFFFFFFFF003041FF出撃数により（上限20000回）自身火力が最大^C06FF91FF1B3516FF18^CFFFFFFFF003041FF、対空が最大^C06FF91FF1B3516FF18^CFFFFFFFF003041FF上昇する。
1139,ペンサコーラ,美国,4,重巡,ペンサコーラ級1番艦,52,45 | 75,35 | 55,0 | 0,58 | 88,0 | 0,25 | 53,38 | 82,41 | 97,27,32.5,2|2|2|2,中,中型,4,先進型射撃管制レーダー|アメリカ8inch三連装砲|先進型対空レーダー,40,70,1.28,2.4,0.625,30|40|30|0,45|0|18|57,^CFFFFFFFF003041FF自身の受ける雷撃ダメージが^C06FF91FF1B3516FF30%^CFFFFFFFF003041FF減少する、自身の回避が^C06FF91FF1B3516FF15^CFFFFFFFF003041FF減少するが、火力と装甲が^C06FF91FF1B3516FF20^CFFFFFFFF003041FF上昇する。
1141,ノーザンプトン,美国,4,重巡,ノーザンプトン級1番艦,55,43 | 73,37 | 57,0 | 0,50 | 80,0 | 0,26 | 64,37 | 83,41 | 97,15,32.5,0,中,中型,4,アメリカ8inch三連装砲|改良型対空レーダー|エリコン20mm機関砲（二連装）,40,70,1.28,2.4,0.625,30|40|30|0,43|0|19|45,^CFFFFFFFF003041FF自身と相隣軍艦の回避が^C06FF91FF1B3516FF10^CFFFFFFFF003041FF上昇する。
1142,ヒューストン,美国,4,重巡,ノーザンプトン級5番艦,55,43 | 73,37 | 57,0 | 0,45 | 75,0 | 0,26 | 64,37 | 83,41 | 97,15,32.5,0,中,中型,4,アメリカ8inch三連装砲|改良型対空レーダー,40,70,1.28,2.4,0.625,30|40|30|0,43|0|19|38,^CFFFFFFFF003041FF砲撃戦時に^C06FF91FF1B3516FF40%^CFFFFFFFF003041FFの確率で発動。敵に通常の^C06FF91FF1B3516FF1.4^CFFFFFFFF003041FF倍のダメージを与える。
1143,ニューオーリンズ,美国,4,重巡,ニューオーリンズ級1番艦,58,43 | 73,36 | 56,0 | 0,55 | 85,0 | 0,25 | 63,37 | 83,41 | 97,20,32.7,0,中,中型,4,アメリカ8inch三連装砲|ボフォース40mm対空機関砲（四連装）|ボフォース40mm対空機関砲（連装）,40,70,1.28,2.4,0.625,30|40|30|0,43|0|18|53,^CFFFFFFFF003041FF自身が無傷の場合、隣接している艦船の回避値を^C06FF91FF1B3516FF10^CFFFFFFFF003041FF増加させる。ダメージを受けた後は、自身の回避率を^C06FF91FF1B3516FF5%^CFFFFFFFF003041FF上げる。
1160,ムールマンスク,苏联,4,轻巡,オマハ級2番艦,43,28 | 58,18 | 38,22 | 67,37 | 67,28 | 72,12 | 29,41 | 80,37 | 96,20,35,2|2|2,中,中型,3,533mm2-н魚雷|ソ連СМ-20-ЗИФ45mm四連装対空,25,25,0.8,1.5,0.4,10|16|10|0,14|22|9|20,^CFFFFFFFF003041FF上方にいる艦船の装甲を^C06FF91FF1B3516FF6^CFFFFFFFF003041FF上昇させ、自身の火力と対空値を^C06FF91FF1B3516FF5^CFFFFFFFF003041FF上昇する。砲撃戦では軽巡、駆逐艦を優先的に攻撃する。
1162,逸仙,中国,5,轻巡,なし,33,17 | 47,13 | 33,13 | 58,35 | 65,25 | 80,16 | 38,29 | 68,38 | 97,35,20,0,中,中型,3,アメリカ5inch単装砲|改良型対水上レーダー|豪奢な木製インテリア,30,35,0.8,1.5,0.4,10|16|10|0,9|13|7|18,^CFFFFFFFF003041FF艦隊の装甲、回避、対空が^C06FF91FF1B3516FF5^CFFFFFFFF003041FF上昇し、中国艦は^C06FF91FF1B3516FF3倍^CFFFFFFFF003041FFの効果を得られる。
1164,秋月,日本,3,驱逐,秋月型1番艦,34,15 | 40,13 | 38,30 | 85,40 | 70,26 | 70,8 | 41,40 | 84,33 | 93,10,33,0,短,小型,3,三年式15.5cm高角砲|九二式61cm酸素魚雷四連装発射管(93,15,25,0.48,0.9,0.5,4|8|6|0,0|33|13|4,^CFFFFFFFF003041FF自身及び相隣の艦船の防空が^C06FF91FF1B3516FF8^CFFFFFFFF003041FF上昇し、自身の雷撃のクリティカル率が^C06FF91FF1B3516FF15%^CFFFFFFFF003041FF上昇する。
1165,涼月,日本,3,驱逐,秋月型3番艦,34,15 | 40,13 | 38,30 | 85,42 | 72,23 | 67,8 | 41,40 | 84,32 | 92,15,34,0,短,小型,3,日本九八式10cm連装砲|九二式61cm酸素魚雷四連装発射管(93|標準型対空レーダー,15,25,0.48,0.9,0.5,4|8|6|0,0|33|13|6,^CFFFFFFFF003041FF自身及び相隣の艦船の防空が^C06FF91FF1B3516FF8^CFFFFFFFF003041FF上昇し、自身の雷撃のクリティカル率が^C06FF91FF1B3516FF15%^CFFFFFFFF003041FF上昇する。
1178,サリバン,美国,3,驱逐,DD-537,32,16 | 41,14 | 39,28 | 83,50 | 80,55 | 115,10 | 43,43 | 91,32 | 92,35,37,0,短,小型,3,アメリカ3inch連装対空砲|改良型射撃管制レーダー,15,25,0.48,0.9,0.4,4|8|6|0,0|28|14|20,^CFFFFFFFF003041FF戦闘中、自身火力、装甲-^C06FF91FF1B3516FF10^CFFFFFFFF003041FF、回避-^C06FF91FF1B3516FF5^CFFFFFFFF003041FF、旗艦の対空、装甲+^C06FF91FF1B3516FF30^CFFFFFFFF003041FF、回避+^C06FF91FF1B3516FF15^CFFFFFFFF003041FF。（自身が旗艦の時は無効）
1181,ウィリアム・D・ポーター,美国,6,驱逐,DD-579,32,16 | 41,14 | 39,30 | 85,45 | 75,40 | 84,10 | 37,43 | 91,33 | 93,10,37,0,短,小型,3,五連装533mm魚雷(MK17)|改良型射撃管制レーダー,15,25,0.48,0.9,0.4,4|8|6|0,0|30|14|15,^CFFFFFFFF003041FFこのスキルは何の役にも立たない。,^CFFFFFFFF003042FF対空と装甲が^C06FF91FF1B3516FF30^CFFFFFFFF003041FF上昇し、砲撃戦で敵空母に攻撃される確率が^C06FF91FF1B3516FF40%^CFFFFFFFF003041FF上昇する。
1182,ポーター,美国,4,驱逐,DD-356,33,24 | 49,15 | 40,30 | 85,35 | 65,35 | 79,10 | 37,46 | 90,33 | 93,9,38.5,0,短,小型,3,改良型射撃管制レーダー|アメリカ5inch連装砲,15,25,0.48,0.9,0.4,4|8|6|0,0|30|15|5,^CFFFFFFFF003041FF戦闘中、味方駆逐艦の命中^C06FF91FF1B3516FF+6^CFFFFFFFF003041FF、雷装^C06FF91FF1B3516FF+6^CFFFFFFFF003041FF、敵駆逐艦の命中^C06FF91FF1B3516FF-12^CFFFFFFFF003041FF。
1183,ラフィー,美国,5,驱逐,DD-724,37,16 | 41,15 | 40,28 | 83,45 | 75,40 | 84,10 | 37,46 | 90,34 | 94,45,38.5,0,短,小型,3,先進型対空レーダー|五連装533mm魚雷(MK17)|近接信管砲弾,15,25,0.48,0.9,0.4,4|8|6|0,0|28|15|15,^CFFFFFFFF003041FF昼戦時に、残り耐久値に関係なく、十分な火力を発揮できる。ダメージを受ける際、減少したHPに応じクリティカル率が上昇する。中破する際、自身への航空攻撃を全部無効化する。
1188,ウゴリーノ・ヴィヴァルディ,意大利,5,驱逐,ナヴィガトーリ級5番艦,35,13 | 38,15 | 40,27 | 82,21 | 51,25 | 65,7 | 40,50 | 94,34 | 94,20,39,0,短,小型,3,イタリア135mm単装砲|イタリアW270魚雷,15,25,0.48,0.9,0.4,4|8|6|0,0|27|15|0,^CFFFFFFFF003041FF雷装^C06FF91FF1B3516FF+20^CFFFFFFFF003041FF、戦闘中で中破と大破の影響が^C06FF91FF1B3516FF100%^CFFFFFFFF003041FF軽減される。
1192,タシュケント,苏联,6,驱逐,20I型1番艦,36,21 | 46,15 | 40,32 | 87,35 | 65,25 | 69,7 | 18,60 | 104,35 | 95,17,42.7,0,短,小型,3,533mm2-н魚雷|先進型エンジン,15,20,0.65,1.1,0.55,4|8|6|0,0|32|15|0,^CFFFFFFFF003041FF自身航速が^C06FF91FF1B3516FF4^CFFFFFFFF003041FF上昇し、回避值が^C06FF91FF1B3516FF25^CFFFFFFFF003041FF上昇する。
1194,アルバコア,美国,6,潜艇,SS-218,17,6 | 26,17 | 32,34 | 89,0 | 0,0 | 0,16 | 49,20 | 47,34 | 108,25,21,0,短,小型,3,Mk16魚雷（潜水艦）,20,25,0.64,0.75,0.33,10|10|20|0,0|34|17|0,^CFFFFFFFF003041FF出撃数（上限20000回）に応じて、命中値最大^C06FF91FF1B3516FF12^CFFFFFFFF003041FF上昇し、クリティカル率最大^C06FF91FF1B3516FF12^CFFFFFFFF003041FF上昇する。
1195,アーチャーフィッシュ,美国,6,潜艇,SS-311,17,6 | 26,17 | 32,34 | 89,0 | 0,0 | 0,16 | 49,20 | 47,34 | 108,30,21,0,短,小型,3,Mk16魚雷（潜水艦）,20,25,0.64,0.75,0.33,10|10|20|0,0|34|17|0,^CFFFFFFFF003041FF正規空母及び装甲空母を優先的に攻撃し、空母類艦船（軽空母、正規空母、装甲空母）に対する命中値が^C06FF91FF1B3516FF10^CFFFFFFFF003041FF上昇し、クリティカルダメージが^C06FF91FF1B3516FF1.2^CFFFFFFFF003041FF倍になる。
1197,U 47,德国,5,潜艇,U47,15,5 | 25,15 | 30,30 | 80,0 | 0,0 | 0,15 | 48,18 | 45,33 | 102,20,18,0,短,小型,3,G7eT10有線魚雷(潜水艦)|レーダー警戒装置,15,20,0.6,0.5,0.275,10|10|20|0,0|30|17|0,^CFFFFFFFF003041FF自身のHPが^C06FF91FF1B3516FF5^CFFFFFFFF003041FF上昇、クリティカル率が^C06FF91FF1B3516FF20%^CFFFFFFFF003041FF上昇する。,^CFFFFFFFF003041FF出撃艦隊に編成される潜水艦の一隻ごとに全ての潜水艦が命中が^C06FF91FF1B3516FF2^CFFFFFFFF003041FF上昇し、クリティカル率が^C06FF91FF1B3516FF2^CFFFFFFFF003041FF上昇する。旗艦はUボートの場合のみ発動する。
1219,瑞鶴,日本,6,航母,翔鶴型2番艦,72,0 | 45,42 | 72,0 | 0,49 | 79,0 | 0,52 | 85,45 | 69,41 | 102,40,34.2,24|24|24|15,短,大型,4,九七式艦攻(八〇番五号)|陸軍単発噴進式戦闘機|天山,60,55,2.4,4.5,1,30|40|60|40,0|0|21|62,^CFFFFFFFF003041FF自身の運が^C06FF91FF1B3516FF15^CFFFFFFFF003041FF上昇し、攻撃される際、装甲が最大運の^C06FF91FF1B3516FF80%^CFFFFFFFF003041FF上昇し、回避が最大運の^C06FF91FF1B3516FF80%^CFFFFFFFF003041FF上昇する。
1220,翔鶴,日本,6,航母,翔鶴型1番艦,72,0 | 45,35 | 65,0 | 0,45 | 75,0 | 0,52 | 90,38 | 62,41 | 102,9,34.2,24|24|24|15,短,大型,4,九七式艦攻(八〇番五号)|烈風|対空噴進砲,60,55,2.4,4.5,1,30|40|60|40,0|0|18|54,^CFFFFFFFF003041FF砲撃戦の際、^C06FF91FF1B3516FF25%^CFFFFFFFF003041FFの確率で他の空母の代わりにダメージを受け、^C06FF91FF1B3516FF80%^CFFFFFFFF003041FFのダメージを減少する（大破状態では発動できない）。
1225,ワスプ,美国,5,航母,ワスプ級1番艦,56,0 | 40,32 | 62,0 | 0,52 | 82,0 | 0,45 | 67,35 | 57,40 | 101,10,29.5,20|17|30|15,短,大型,4,F8F|TBF,55,60,2.08,3.9,0.8,30|40|60|40,0|0|16|74,^CFFFFFFFF003041FF砲撃戦で自身がダメージを受けると敵に必中な反撃を行い、通常攻撃の^C06FF91FF1B3516FF100%^CFFFFFFFF003041FFのダメージを与える。（毎回の戦闘にて1回のみ発動、大破状態では発動不能）
1227,飛鷹,日本,4,轻母,飛鷹型1番艦,70,0 | 30,25 | 45,0 | 0,33 | 63,0 | 0,38 | 65,28 | 51,37 | 95,9,25.5,15|20|20|0,短,中型,3,流星|零戦六二型,35,35,1.28,2.4,0.75,20|30|50|20,0|0|13|33,^CFFFFFFFF003041FF砲撃戦段階のダメージが^C06FF91FF1B3516FF30%^CFFFFFFFF003041FF上昇する。
1228,隼鷹,日本,4,轻母,飛鷹型2番艦,70,0 | 30,27 | 47,0 | 0,36 | 66,0 | 0,38 | 65,28 | 51,37 | 95,22,25.5,15|20|20|0,短,中型,3,流星|零戦六二型,35,35,1.28,2.4,0.75,20|30|50|20,0|0|14|36,^CFFFFFFFF003041FF敵の空母類艦船（軽空母、正規空母、装甲空母）に対するダメージが^C06FF91FF1B3516FF25%^CFFFFFFFF003041FF上昇する。
1247,香取,日本,4,轻巡,香取型1番艦,38,17 | 47,13 | 33,20 | 65,27 | 57,30 | 85,16 | 38,25 | 62,37 | 96,16,18,2|2|2,中,中型,3,改良型爆雷投射機|日本八九式12.7cm連装高角砲,25,20,0.8,1.5,0.5,10|16|10|0,9|23|7|14,^CFFFFFFFF003041FF艦隊内駆逐艦の対空+^C06FF91FF1B3516FF15^CFFFFFFFF003041FF、入手経験値+^C06FF91FF1B3516FF7%^CFFFFFFFF003041FF。艦隊内潜水艦の回避+^C06FF91FF1B3516FF10^CFFFFFFFF003041FF。
1249,ライプツィヒ,德国,4,轻巡,ライプツィヒ級1番艦,50,28 | 58,24 | 44,25 | 70,38 | 68,32 | 87,11 | 33,39 | 77,37 | 96,20,32,2|2|2,中,中型,3,ドイツ150mm三連装砲|レーダー警戒装置,20,25,0.8,1.65,0.5,10|16|10|0,14|25|14|21,^CFFFFFFFF003041FF艦隊内のドイツ艦全員火力+^C06FF91FF1B3516FF10^CFFFFFFFF003041FF、命中+^C06FF91FF1B3516FF10^CFFFFFFFF003041FF、出撃及び演習のExpが^C06FF91FF1B3516FF10%^CFFFFFFFF003041FF上昇する。
1265,嵐,日本,5,驱逐,陽炎型16番艦,31,13 | 38,13 | 38,42 | 97,18 | 48,28 | 72,6 | 39,50 | 94,34 | 94,10,34,0,短,小型,3,九二式61cm酸素魚雷四連装発射管(93|改良型爆雷投射機,15,20,0.48,0.9,0.5,4|8|6|0,0|46|13|0,^CFFFFFFFF003041FF雷装と対潜が火力の^C06FF91FF1B3516FF30%^CFFFFFFFF003041FF上昇し、雷撃戦と夜戦の際、敵の残るHPによりクリティカルは最小+^C06FF91FF1B3516FF5%^CFFFFFFFF003041FF、最大+^C06FF91FF1B3516FF30%^CFFFFFFFF003041FF。
1269,Z 17,德国,3,驱逐,1936型1番艦,39,13 | 38,15 | 40,25 | 80,18 | 48,22 | 66,8 | 35,48 | 92,32 | 92,10,38.5,0,短,小型,3,G7a魚雷,10,20,0.48,0.99,0.5,4|8|6|0,0|25|17|0,^CFFFFFFFF003041FF自身の回避-^C06FF91FF1B3516FF10^CFFFFFFFF003041FF。戦闘中、対面の敵艦船の回避-^C06FF91FF1B3516FF40^CFFFFFFFF003041FF、火力-^C06FF91FF1B3516FF40^CFFFFFFFF003041FF、攻撃される確率(水面下の目標に無効)が^C06FF91FF1B3516FF30%^CFFFFFFFF003041FF上昇する。
1270,Z 18,德国,3,驱逐,1936型2番艦,39,13 | 38,15 | 40,25 | 80,18 | 48,22 | 66,10 | 37,48 | 92,32 | 92,10,38.5,0,短,小型,3,G7a魚雷,10,20,0.48,0.99,0.5,4|8|6|0,0|25|17|0,^CFFFFFFFF003041FF自身の索敵が^C06FF91FF1B3516FF20^CFFFFFFFF003041FF上昇し、対応位置の敵艦の火力^C06FF91FF1B3516FF10^CFFFFFFFF003041FF、クリティカル率^C06FF91FF1B3516FF5%^CFFFFFFFF003041FF、被攻撃確率^C06FF91FF1B3516FF30%^CFFFFFFFF003041FF上昇させる（敵旗艦と敵潜水艦に無効）。
1289,U81,德国,5,潜艇,VII型8番艦,15,5 | 25,15 | 30,28 | 78,0 | 0,0 | 0,16 | 49,18 | 45,33 | 102,18,18,0,短,小型,3,G7eT10有線魚雷(潜水艦),15,20,0.6,0.5,0.275,10|10|20|0,0|28|17|0,^CFFFFFFFF003041FF自身命中+^C06FF91FF1B3516FF10^CFFFFFFFF003041FF、雷装+^C06FF91FF1B3516FF10^CFFFFFFFF003041FF、命中された敵艦が昼戦終了まで回避-^C06FF91FF1B3516FF10^CFFFFFFFF003041FF、空母系敵艦は更に^C06FF91FF1B3516FF20%^CFFFFFFFF003041FFの追加ダメージを与える。
8009,ロドニー,英国,5,战列,ネルソン級2番艦,72,84 | 104,72 | 92,0 | 0,42 | 72,0 | 0,12 | 39,19 | 41,39 | 95,20,23.5,0,长,大型,4,イギリス16inch三連装砲|イギリス6inch連装砲,90,140,3.2,6,1,50|60|60|0,89|0|72|27,^CFFFFFFFF003041FF砲撃戦時に^C06FF91FF1B3516FF20%^CFFFFFFFF003041FFの確率で発動し、2人の敵に^C06FF91FF1B3516FF116%^CFFFFFFFF003041FFのダメージを与える。,^CFFFFFFFF003041FF攻撃する際の基礎攻撃力^C06FF91FF1B3516FF7%^CFFFFFFFF003041FF上昇し、攻撃された艦船の火力^C06FF91FF1B3516FF15^CFFFFFFFF003041FF点減少する。
8007,ティルピッツ,德国,5,战列,ビスマルク級2番艦,91,72 | 92,80 | 100,0 | 0,25 | 55,0 | 0,16 | 43,26 | 48,40 | 96,16,30.8,4|4|4|4,长,大型,4,ドイツ380mm連装砲|ドイツ150mm連装砲|Ar 196,90,130,4.2,8.8,1,50|60|60|0,72|0|84|13,^CFFFFFFFF003041FFティルピッツは旗艦の場合、敵の命中と回避を^C06FF91FF1B3516FF8^CFFFFFFFF003041FF減少させ、第6章｢北海の嵐｣の場合、旗艦でなくてもスキルは発動する。
8116,ゲーベン,土耳其,5,战巡,モルトケ級2番艦,59,48 | 73,45 | 60,0 | 0,15 | 45,0 | 0,10 | 37,27 | 49,40 | 96,45,28.4,0,长,大型,4,ドイツ二連装280mm主砲(旧式)|ドイツ150mm単装砲,55,100,2.88,5.4,0.75,40|50|40|0,48|0|45|8
8111,ワシントン,美国,5,战列,ノースカロライナ級2番艦,74,88 | 108,72 | 92,0 | 0,60 | 90,0 | 0,18 | 45,25 | 58,40 | 96,30,28,3|3|3|3,长,大型,4,アメリカ16inch三連装砲（MK6）|先進型射撃管制レーダー,95,140,4.2,8,0.8,50|60|60|0,88|0|72|60
